product_id,category,optimal_discount_pct,profit_uplift_pct,revenue_uplift_pct,margin_at_optimal_pct,recommendation
1,Electronics,0.0,-0.0,-0.0,21.69,hold_price
2,Electronics,0.0,-0.01,-0.0,10.87,hold_price
3,Electronics,0.0,-0.0,-0.0,19.76,hold_price
4,Electronics,0.0,-0.0,-0.0,24.08,hold_price
5,Electronics,0.0,-0.0,-0.0,14.56,hold_price
6,Electronics,0.0,-0.0,-0.0,17.87,hold_price
7,Electronics,0.0,-0.0,-0.0,13.49,hold_price
8,Electronics,0.0,-0.0,-0.0,18.89,hold_price
9,Electronics,0.0,-0.0,-0.0,12.56,hold_price
10,Electronics,0.0,-0.0,-0.0,18.45,hold_price
11,Electronics,0.0,-0.0,-0.0,13.47,hold_price
12,Electronics,0.0,-0.0,-0.0,17.43,hold_price
13,Electronics,0.0,-0.0,-0.0,19.94,hold_price
14,Electronics,0.0,-0.01,-0.0,10.47,hold_price
15,Electronics,0.0,-0.0,-0.0,15.93,hold_price
16,Electronics,0.0,-0.0,-0.0,14.88,hold_price
17,Electronics,0.0,-0.0,-0.0,18.8,hold_price
18,Electronics,0.0,-0.0,-0.0,14.14,hold_price
19,Electronics,0.0,-0.0,-0.0,24.8,hold_price
20,Electronics,0.0,-0.01,-0.0,10.21,hold_price
21,Electronics,0.0,-0.0,-0.0,21.85,hold_price
22,Electronics,0.0,-0.0,-0.0,19.77,hold_price
23,Electronics,0.0,-0.0,-0.0,14.96,hold_price
24,Electronics,0.0,-0.0,-0.0,14.12,hold_price
25,Electronics,0.0,-0.0,-0.0,24.57,hold_price
26,Electronics,0.0,-0.0,-0.0,13.54,hold_price
27,Electronics,0.0,-0.01,-0.0,11.66,hold_price
28,Electronics,0.0,-0.0,-0.0,23.44,hold_price
29,Electronics,0.0,-0.0,-0.0,20.43,hold_price
30,Electronics,0.0,-0.0,-0.0,13.05,hold_price
31,Electronics,0.0,-0.0,-0.0,23.21,hold_price
32,Electronics,0.0,-0.01,-0.0,11.58,hold_price
33,Electronics,0.0,-0.0,-0.0,16.25,hold_price
34,Electronics,0.0,-0.0,-0.0,15.35,hold_price
35,Electronics,0.0,-0.0,-0.0,16.41,hold_price
36,Electronics,0.0,-0.01,-0.0,10.1,hold_price
37,Electronics,0.0,-0.0,-0.0,20.39,hold_price
38,Electronics,0.0,-0.0,-0.0,12.53,hold_price
39,Electronics,0.0,-0.0,-0.0,24.58,hold_price
40,Electronics,0.0,-0.0,-0.0,17.46,hold_price
41,Electronics,0.0,-0.01,-0.0,10.55,hold_price
42,Electronics,0.0,-0.01,-0.0,10.77,hold_price
43,Electronics,0.0,-0.0,-0.0,20.21,hold_price
44,Electronics,0.0,-0.0,-0.0,18.29,hold_price
45,Electronics,0.0,-0.0,-0.0,13.63,hold_price
46,Electronics,0.0,-0.0,-0.0,15.98,hold_price
47,Electronics,0.0,-0.0,-0.0,12.8,hold_price
48,Electronics,0.0,-0.0,-0.0,20.16,hold_price
49,Electronics,0.0,-0.0,-0.0,13.4,hold_price
50,Electronics,0.0,-0.0,-0.0,15.8,hold_price
51,Electronics,0.0,-0.0,-0.0,21.03,hold_price
52,Electronics,0.0,-0.0,-0.0,19.9,hold_price
53,Electronics,0.0,-0.0,-0.0,13.91,hold_price
54,Electronics,0.0,-0.0,-0.0,23.24,hold_price
55,Electronics,0.0,-0.0,-0.0,20.89,hold_price
56,Electronics,0.0,-0.0,-0.0,21.7,hold_price
57,Electronics,0.0,-0.0,-0.0,21.78,hold_price
58,Electronics,0.0,-0.0,-0.0,24.1,hold_price
59,Electronics,0.0,-0.0,-0.0,14.58,hold_price
60,Electronics,0.0,-0.0,-0.0,13.36,hold_price
61,Electronics,0.0,-0.0,-0.0,14.88,hold_price
62,Electronics,0.0,-0.0,-0.0,18.52,hold_price
63,Electronics,0.0,-0.0,-0.0,13.98,hold_price
64,Electronics,0.0,-0.0,-0.0,19.47,hold_price
65,Electronics,0.0,-0.0,-0.0,18.65,hold_price
66,Electronics,0.0,-0.0,-0.0,17.49,hold_price
67,Electronics,0.0,-0.01,-0.0,10.65,hold_price
68,Electronics,0.0,-0.0,-0.0,14.19,hold_price
69,Electronics,0.0,-0.0,-0.0,23.92,hold_price
70,Electronics,0.0,-0.0,-0.0,24.7,hold_price
71,Electronics,0.0,-0.0,-0.0,22.77,hold_price
72,Electronics,0.0,-0.0,-0.0,24.04,hold_price
73,Electronics,0.0,-0.01,-0.0,11.46,hold_price
74,Electronics,0.0,-0.0,-0.0,14.84,hold_price
75,Electronics,0.0,-0.0,-0.0,15.39,hold_price
76,Electronics,0.0,-0.0,-0.0,22.15,hold_price
77,Electronics,0.0,-0.01,-0.0,10.08,hold_price
78,Electronics,0.0,-0.01,-0.0,11.06,hold_price
79,Electronics,0.0,-0.0,-0.0,15.63,hold_price
80,Electronics,0.0,-0.0,-0.0,18.14,hold_price
81,Electronics,0.0,-0.0,-0.0,13.75,hold_price
82,Electronics,0.0,-0.0,-0.0,17.83,hold_price
83,Electronics,0.0,-0.0,-0.0,19.34,hold_price
84,Electronics,0.0,-0.0,-0.0,16.17,hold_price
85,Electronics,0.0,-0.0,-0.0,24.54,hold_price
86,Electronics,0.0,-0.0,-0.0,14.06,hold_price
87,Electronics,0.0,-0.01,-0.0,10.38,hold_price
88,Electronics,0.0,-0.01,-0.0,10.87,hold_price
89,Electronics,0.0,-0.0,-0.0,13.6,hold_price
90,Electronics,0.0,-0.0,-0.0,24.32,hold_price
91,Electronics,0.0,-0.0,-0.0,13.72,hold_price
92,Electronics,0.0,-0.0,-0.0,15.13,hold_price
93,Electronics,0.0,-0.0,-0.0,14.67,hold_price
94,Electronics,0.0,-0.01,-0.0,11.47,hold_price
95,Electronics,0.0,-0.0,-0.0,16.51,hold_price
96,Electronics,0.0,-0.0,-0.0,23.3,hold_price
97,Electronics,0.0,-0.0,-0.0,17.55,hold_price
98,Electronics,0.0,-0.0,-0.0,19.24,hold_price
99,Electronics,0.0,-0.0,-0.0,19.55,hold_price
100,Electronics,0.0,-0.0,-0.0,19.65,hold_price
101,Electronics,0.0,-0.0,-0.0,24.12,hold_price
102,Electronics,0.0,-0.0,-0.0,23.58,hold_price
103,Electronics,0.0,-0.01,-0.0,11.51,hold_price
104,Electronics,0.0,-0.0,-0.0,20.25,hold_price
105,Electronics,0.0,-0.0,-0.0,22.67,hold_price
106,Electronics,0.0,-0.0,-0.0,17.44,hold_price
107,Electronics,0.0,-0.0,-0.0,24.05,hold_price
108,Electronics,0.0,-0.0,-0.0,14.23,hold_price
109,Electronics,0.0,-0.0,-0.0,22.1,hold_price
110,Electronics,0.0,-0.0,-0.0,15.58,hold_price
111,Electronics,0.0,-0.0,-0.0,21.26,hold_price
112,Electronics,0.0,-0.0,-0.0,23.54,hold_price
113,Electronics,0.0,-0.0,-0.0,23.43,hold_price
114,Electronics,0.0,-0.0,-0.0,23.57,hold_price
115,Electronics,0.0,-0.0,-0.0,24.25,hold_price
116,Electronics,0.0,-0.01,-0.0,11.25,hold_price
117,Electronics,0.0,-0.0,-0.0,18.31,hold_price
118,Electronics,0.0,-0.0,-0.0,21.72,hold_price
119,Electronics,0.0,-0.01,-0.0,10.86,hold_price
120,Electronics,0.0,-0.0,-0.0,18.19,hold_price
121,Electronics,0.0,-0.0,-0.0,20.32,hold_price
122,Electronics,0.0,-0.0,-0.0,22.58,hold_price
123,Electronics,0.0,-0.0,-0.0,23.38,hold_price
124,Electronics,0.0,-0.0,-0.0,13.5,hold_price
125,Electronics,0.0,-0.0,-0.0,13.55,hold_price
126,Electronics,0.0,-0.0,-0.0,15.64,hold_price
127,Electronics,0.0,-0.0,-0.0,20.58,hold_price
128,Electronics,0.0,-0.0,-0.0,16.52,hold_price
129,Electronics,0.0,-0.0,-0.0,18.57,hold_price
130,Electronics,0.0,-0.0,-0.0,22.34,hold_price
131,Electronics,0.0,-0.0,-0.0,24.43,hold_price
132,Electronics,0.0,-0.0,-0.0,17.93,hold_price
133,Electronics,0.0,-0.0,-0.0,24.55,hold_price
134,Electronics,0.0,-0.0,-0.0,23.87,hold_price
135,Electronics,0.0,-0.0,-0.0,20.43,hold_price
136,Electronics,0.0,-0.0,-0.0,13.25,hold_price
137,Electronics,0.0,-0.0,-0.0,15.76,hold_price
138,Electronics,0.0,-0.0,-0.0,24.26,hold_price
139,Electronics,0.0,-0.0,-0.0,12.54,hold_price
140,Electronics,0.0,-0.0,-0.0,13.44,hold_price
141,Electronics,0.0,-0.0,-0.0,13.9,hold_price
142,Electronics,0.0,-0.0,-0.0,16.17,hold_price
143,Electronics,0.0,-0.0,-0.0,12.0,hold_price
144,Electronics,0.0,-0.0,-0.0,16.25,hold_price
145,Electronics,0.0,-0.0,-0.0,23.99,hold_price
146,Electronics,0.0,-0.01,-0.0,10.39,hold_price
147,Electronics,0.0,-0.0,-0.0,24.78,hold_price
148,Electronics,0.0,-0.0,-0.0,15.89,hold_price
149,Electronics,0.0,-0.01,-0.0,10.95,hold_price
150,Electronics,0.0,-0.01,-0.0,10.2,hold_price
151,Electronics,0.0,-0.0,-0.0,21.25,hold_price
152,Electronics,0.0,-0.0,-0.0,20.89,hold_price
153,Electronics,0.0,-0.0,-0.0,13.62,hold_price
154,Electronics,0.0,-0.0,-0.0,19.09,hold_price
155,Electronics,0.0,-0.01,-0.0,10.7,hold_price
156,Electronics,0.0,-0.0,-0.0,21.58,hold_price
157,Electronics,0.0,-0.0,-0.0,18.28,hold_price
158,Electronics,0.0,-0.0,-0.0,12.01,hold_price
159,Electronics,0.0,-0.0,-0.0,22.07,hold_price
160,Electronics,0.0,-0.0,-0.0,18.85,hold_price
161,Electronics,0.0,-0.0,-0.0,15.22,hold_price
162,Electronics,0.0,-0.0,-0.0,17.85,hold_price
163,Electronics,0.0,-0.0,-0.0,16.89,hold_price
164,Electronics,0.0,-0.01,-0.0,10.99,hold_price
165,Electronics,0.0,-0.0,-0.0,15.21,hold_price
166,Electronics,0.0,-0.01,-0.0,11.14,hold_price
167,Electronics,0.0,-0.0,-0.0,19.61,hold_price
168,Electronics,0.0,-0.0,-0.0,17.11,hold_price
169,Electronics,0.0,-0.0,-0.0,13.36,hold_price
170,Electronics,0.0,-0.0,-0.0,15.21,hold_price
171,Electronics,0.0,-0.0,-0.0,15.34,hold_price
172,Electronics,0.0,-0.0,-0.0,20.36,hold_price
173,Electronics,0.0,-0.0,-0.0,19.42,hold_price
174,Electronics,0.0,-0.0,-0.0,23.03,hold_price
175,Electronics,0.0,-0.0,-0.0,13.14,hold_price
176,Electronics,0.0,-0.0,-0.0,16.94,hold_price
177,Electronics,0.0,-0.0,-0.0,13.79,hold_price
178,Electronics,0.0,-0.01,-0.0,11.61,hold_price
179,Electronics,0.0,-0.01,-0.0,11.57,hold_price
180,Electronics,0.0,-0.0,-0.0,14.83,hold_price
181,Electronics,0.0,-0.0,-0.0,15.14,hold_price
182,Electronics,0.0,-0.0,-0.0,19.73,hold_price
183,Electronics,0.0,-0.0,-0.0,18.8,hold_price
184,Electronics,0.0,-0.0,-0.0,14.26,hold_price
185,Electronics,0.0,-0.0,-0.0,13.67,hold_price
186,Electronics,0.0,-0.0,-0.0,24.0,hold_price
187,Electronics,0.0,-0.0,-0.0,13.69,hold_price
188,Electronics,0.0,-0.0,-0.0,22.09,hold_price
189,Electronics,0.0,-0.0,-0.0,16.16,hold_price
190,Electronics,0.0,-0.0,-0.0,23.76,hold_price
191,Electronics,0.0,-0.0,-0.0,20.78,hold_price
192,Electronics,0.0,-0.0,-0.0,21.54,hold_price
193,Electronics,0.0,-0.0,-0.0,17.61,hold_price
194,Electronics,0.0,-0.0,-0.0,19.16,hold_price
195,Electronics,0.0,-0.0,-0.0,14.81,hold_price
196,Electronics,0.0,-0.0,-0.0,16.81,hold_price
197,Electronics,0.0,-0.0,-0.0,14.83,hold_price
198,Electronics,0.0,-0.0,-0.0,20.22,hold_price
199,Electronics,0.0,-0.0,-0.0,17.07,hold_price
200,Electronics,0.0,-0.0,-0.0,21.19,hold_price
201,Electronics,0.0,-0.0,-0.0,24.08,hold_price
202,Electronics,0.0,-0.0,-0.0,21.12,hold_price
203,Electronics,0.0,-0.0,-0.0,21.93,hold_price
204,Electronics,0.0,-0.0,-0.0,22.22,hold_price
205,Electronics,0.0,-0.0,-0.0,14.74,hold_price
206,Electronics,0.0,-0.0,-0.0,16.78,hold_price
207,Electronics,0.0,-0.0,-0.0,21.21,hold_price
208,Electronics,0.0,-0.0,-0.0,15.87,hold_price
209,Electronics,0.0,-0.0,-0.0,19.36,hold_price
210,Electronics,0.0,-0.0,-0.0,15.02,hold_price
211,Electronics,0.0,-0.0,-0.0,21.12,hold_price
212,Electronics,0.0,-0.0,-0.0,21.29,hold_price
213,Electronics,0.0,-0.0,-0.0,12.15,hold_price
214,Electronics,0.0,-0.0,-0.0,23.15,hold_price
215,Electronics,0.0,-0.0,-0.0,22.7,hold_price
216,Electronics,0.0,-0.0,-0.0,17.3,hold_price
217,Electronics,0.0,-0.01,-0.0,10.18,hold_price
218,Electronics,0.0,-0.0,-0.0,20.74,hold_price
219,Electronics,0.0,-0.0,-0.0,24.39,hold_price
220,Electronics,0.0,-0.0,-0.0,18.79,hold_price
221,Electronics,0.0,-0.0,-0.0,20.89,hold_price
222,Electronics,0.0,-0.0,-0.0,23.78,hold_price
223,Electronics,0.0,-0.0,-0.0,12.29,hold_price
224,Electronics,0.0,-0.01,-0.0,11.16,hold_price
225,Electronics,0.0,-0.01,-0.0,11.7,hold_price
226,Electronics,0.0,-0.01,-0.0,11.87,hold_price
227,Electronics,0.0,-0.0,-0.0,17.78,hold_price
228,Electronics,0.0,-0.0,-0.0,13.08,hold_price
229,Electronics,0.0,-0.01,-0.0,11.71,hold_price
230,Electronics,0.0,-0.0,-0.0,23.84,hold_price
231,Electronics,0.0,-0.0,-0.0,16.78,hold_price
232,Electronics,0.0,-0.0,-0.0,12.11,hold_price
233,Electronics,0.0,-0.0,-0.0,23.72,hold_price
234,Electronics,0.0,-0.0,-0.0,19.48,hold_price
235,Electronics,0.0,-0.0,-0.0,12.67,hold_price
236,Electronics,0.0,-0.0,-0.0,16.22,hold_price
237,Electronics,0.0,-0.0,-0.0,14.49,hold_price
238,Electronics,0.0,-0.0,-0.0,23.47,hold_price
239,Electronics,0.0,-0.0,-0.0,17.08,hold_price
240,Electronics,0.0,-0.0,-0.0,20.71,hold_price
241,Electronics,0.0,-0.0,-0.0,17.22,hold_price
242,Electronics,0.0,-0.0,-0.0,22.93,hold_price
243,Electronics,0.0,-0.0,-0.0,19.66,hold_price
244,Electronics,0.0,-0.0,-0.0,12.34,hold_price
245,Electronics,0.0,-0.0,-0.0,18.27,hold_price
246,Electronics,0.0,-0.0,-0.0,18.93,hold_price
247,Electronics,0.0,-0.0,-0.0,19.79,hold_price
248,Electronics,0.0,-0.0,-0.0,20.83,hold_price
249,Electronics,0.0,-0.0,-0.0,12.12,hold_price
250,Electronics,0.0,-0.0,-0.0,13.12,hold_price
251,Electronics,0.0,-0.0,-0.0,19.64,hold_price
252,Electronics,0.0,-0.0,-0.0,19.37,hold_price
253,Electronics,0.0,-0.0,-0.0,15.45,hold_price
254,Electronics,0.0,-0.0,-0.0,16.14,hold_price
255,Electronics,0.0,-0.0,-0.0,13.29,hold_price
256,Electronics,0.0,-0.0,-0.0,23.03,hold_price
257,Electronics,0.0,-0.0,-0.0,17.69,hold_price
258,Electronics,0.0,-0.0,-0.0,13.87,hold_price
259,Electronics,0.0,-0.0,-0.0,23.51,hold_price
260,Electronics,0.0,-0.0,-0.0,23.71,hold_price
261,Electronics,0.0,-0.0,-0.0,14.11,hold_price
262,Electronics,0.0,-0.0,-0.0,22.45,hold_price
263,Electronics,0.0,-0.0,-0.0,13.95,hold_price
264,Electronics,0.0,-0.0,-0.0,19.97,hold_price
265,Electronics,0.0,-0.0,-0.0,16.06,hold_price
266,Electronics,0.0,-0.0,-0.0,21.07,hold_price
267,Electronics,0.0,-0.0,-0.0,13.68,hold_price
268,Electronics,0.0,-0.0,-0.0,15.33,hold_price
269,Electronics,0.0,-0.0,-0.0,18.49,hold_price
270,Electronics,0.0,-0.0,-0.0,14.05,hold_price
271,Electronics,0.0,-0.01,-0.0,10.77,hold_price
272,Electronics,0.0,-0.0,-0.0,19.35,hold_price
273,Electronics,0.0,-0.0,-0.0,15.27,hold_price
274,Electronics,0.0,-0.0,-0.0,18.97,hold_price
275,Electronics,0.0,-0.0,-0.0,21.99,hold_price
276,Electronics,0.0,-0.0,-0.0,18.85,hold_price
277,Electronics,0.0,-0.0,-0.0,23.76,hold_price
278,Electronics,0.0,-0.0,-0.0,16.69,hold_price
279,Electronics,0.0,-0.0,-0.0,22.1,hold_price
280,Electronics,0.0,-0.0,-0.0,19.7,hold_price
281,Electronics,0.0,-0.0,-0.0,20.05,hold_price
282,Electronics,0.0,-0.0,-0.0,18.52,hold_price
283,Electronics,0.0,-0.0,-0.0,12.89,hold_price
284,Electronics,0.0,-0.0,-0.0,17.11,hold_price
285,Electronics,0.0,-0.0,-0.0,22.43,hold_price
286,Electronics,0.0,-0.0,-0.0,17.22,hold_price
287,Electronics,0.0,-0.0,-0.0,16.61,hold_price
288,Electronics,0.0,-0.0,-0.0,19.92,hold_price
289,Electronics,0.0,-0.0,-0.0,16.4,hold_price
290,Electronics,0.0,-0.0,-0.0,23.05,hold_price
291,Electronics,0.0,-0.0,-0.0,24.09,hold_price
292,Electronics,0.0,-0.0,-0.0,15.26,hold_price
293,Electronics,0.0,-0.0,-0.0,17.19,hold_price
294,Electronics,0.0,-0.0,-0.0,16.27,hold_price
295,Electronics,0.0,-0.01,-0.0,10.05,hold_price
296,Electronics,0.0,-0.0,-0.0,13.5,hold_price
297,Electronics,0.0,-0.01,-0.0,10.68,hold_price
298,Electronics,0.0,-0.0,-0.0,13.27,hold_price
299,Electronics,0.0,-0.01,-0.0,11.34,hold_price
300,Electronics,0.0,-0.0,-0.0,21.15,hold_price
301,Electronics,0.0,-0.0,-0.0,22.57,hold_price
302,Electronics,0.0,-0.0,-0.0,13.46,hold_price
303,Electronics,0.0,-0.0,-0.0,12.8,hold_price
304,Electronics,0.0,-0.0,-0.0,24.54,hold_price
305,Electronics,0.0,-0.0,-0.0,24.92,hold_price
306,Electronics,0.0,-0.0,-0.0,21.37,hold_price
307,Electronics,0.0,-0.0,-0.0,13.37,hold_price
308,Electronics,0.0,-0.0,-0.0,18.7,hold_price
309,Electronics,0.0,-0.0,-0.0,13.98,hold_price
310,Electronics,0.0,-0.0,-0.0,24.33,hold_price
311,Electronics,0.0,-0.0,-0.0,19.83,hold_price
312,Electronics,0.0,-0.0,-0.0,16.12,hold_price
313,Electronics,0.0,-0.0,-0.0,17.99,hold_price
314,Electronics,0.0,-0.0,-0.0,23.42,hold_price
315,Electronics,0.0,-0.0,-0.0,23.25,hold_price
316,Electronics,0.0,-0.0,-0.0,15.22,hold_price
317,Electronics,0.0,-0.0,-0.0,21.01,hold_price
318,Electronics,0.0,-0.0,-0.0,23.01,hold_price
319,Electronics,0.0,-0.0,-0.0,20.46,hold_price
320,Electronics,0.0,-0.0,-0.0,21.29,hold_price
321,Electronics,0.0,-0.0,-0.0,16.98,hold_price
322,Electronics,0.0,-0.0,-0.0,13.43,hold_price
323,Electronics,0.0,-0.0,-0.0,21.35,hold_price
324,Electronics,0.0,-0.0,-0.0,19.25,hold_price
325,Electronics,0.0,-0.0,-0.0,13.9,hold_price
326,Electronics,0.0,-0.01,-0.0,11.6,hold_price
327,Electronics,0.0,-0.0,-0.0,15.13,hold_price
328,Electronics,0.0,-0.0,-0.0,24.06,hold_price
329,Electronics,0.0,-0.0,-0.0,12.5,hold_price
330,Electronics,0.0,-0.0,-0.0,15.19,hold_price
331,Electronics,0.0,-0.0,-0.0,24.85,hold_price
332,Electronics,0.0,-0.0,-0.0,11.95,hold_price
333,Electronics,0.0,-0.01,-0.0,10.33,hold_price
334,Electronics,0.0,-0.0,-0.0,16.69,hold_price
335,Electronics,0.0,-0.01,-0.0,11.53,hold_price
336,Electronics,0.0,-0.0,-0.0,13.31,hold_price
337,Electronics,0.0,-0.0,-0.0,14.1,hold_price
338,Electronics,0.0,-0.0,-0.0,20.97,hold_price
339,Electronics,0.0,-0.0,-0.0,21.4,hold_price
340,Electronics,0.0,-0.0,-0.0,14.81,hold_price
341,Electronics,0.0,-0.0,-0.0,23.02,hold_price
342,Electronics,0.0,-0.0,-0.0,17.1,hold_price
343,Electronics,0.0,-0.0,-0.0,21.65,hold_price
344,Electronics,0.0,-0.0,-0.0,19.39,hold_price
345,Electronics,0.0,-0.0,-0.0,24.51,hold_price
346,Electronics,0.0,-0.0,-0.0,18.98,hold_price
347,Electronics,0.0,-0.0,-0.0,13.01,hold_price
348,Electronics,0.0,-0.0,-0.0,18.73,hold_price
349,Electronics,0.0,-0.0,-0.0,14.65,hold_price
350,Electronics,0.0,-0.01,-0.0,11.08,hold_price
351,Electronics,0.0,-0.0,-0.0,22.9,hold_price
352,Electronics,0.0,-0.01,-0.0,11.57,hold_price
353,Electronics,0.0,-0.0,-0.0,12.14,hold_price
354,Electronics,0.0,-0.0,-0.0,21.64,hold_price
355,Electronics,0.0,-0.0,-0.0,18.01,hold_price
356,Electronics,0.0,-0.0,-0.0,22.36,hold_price
357,Electronics,0.0,-0.0,-0.0,13.01,hold_price
358,Electronics,0.0,-0.01,-0.0,10.62,hold_price
359,Electronics,0.0,-0.01,-0.0,11.86,hold_price
360,Electronics,0.0,-0.01,-0.0,10.78,hold_price
361,Electronics,0.0,-0.0,-0.0,24.21,hold_price
362,Electronics,0.0,-0.0,-0.0,22.22,hold_price
363,Electronics,0.0,-0.0,-0.0,18.96,hold_price
364,Electronics,0.0,-0.0,-0.0,12.46,hold_price
365,Electronics,0.0,-0.0,-0.0,13.71,hold_price
366,Electronics,0.0,-0.0,-0.0,13.29,hold_price
367,Electronics,0.0,-0.0,-0.0,21.85,hold_price
368,Electronics,0.0,-0.0,-0.0,20.79,hold_price
369,Electronics,0.0,-0.01,-0.0,11.22,hold_price
370,Electronics,0.0,-0.0,-0.0,16.28,hold_price
371,Electronics,0.0,-0.0,-0.0,24.41,hold_price
372,Electronics,0.0,-0.0,-0.0,19.43,hold_price
373,Electronics,0.0,-0.0,-0.0,17.57,hold_price
374,Electronics,0.0,-0.0,-0.0,18.82,hold_price
375,Electronics,0.0,-0.0,-0.0,19.09,hold_price
376,Electronics,0.0,-0.0,-0.0,14.15,hold_price
377,Electronics,0.0,-0.0,-0.0,13.16,hold_price
378,Electronics,0.0,-0.0,-0.0,21.0,hold_price
379,Electronics,0.0,-0.0,-0.0,23.63,hold_price
380,Electronics,0.0,-0.0,-0.0,17.69,hold_price
381,Electronics,0.0,-0.0,-0.0,16.56,hold_price
382,Electronics,0.0,-0.0,-0.0,17.72,hold_price
383,Electronics,0.0,-0.0,-0.0,12.45,hold_price
384,Electronics,0.0,-0.0,-0.0,13.87,hold_price
385,Electronics,0.0,-0.0,-0.0,21.6,hold_price
386,Electronics,0.0,-0.0,-0.0,13.52,hold_price
387,Electronics,0.0,-0.0,-0.0,14.96,hold_price
388,Electronics,0.0,-0.0,-0.0,12.19,hold_price
389,Electronics,0.0,-0.0,-0.0,24.23,hold_price
390,Electronics,0.0,-0.0,-0.0,19.08,hold_price
391,Electronics,0.0,-0.0,-0.0,22.66,hold_price
392,Electronics,0.0,-0.0,-0.0,18.37,hold_price
393,Electronics,0.0,-0.0,-0.0,24.8,hold_price
394,Electronics,0.0,-0.01,-0.0,10.59,hold_price
395,Electronics,0.0,-0.0,-0.0,14.74,hold_price
396,Electronics,0.0,-0.0,-0.0,12.22,hold_price
397,Electronics,0.0,-0.01,-0.0,10.07,hold_price
398,Electronics,0.0,-0.0,-0.0,23.02,hold_price
399,Electronics,0.0,-0.0,-0.0,17.98,hold_price
400,Electronics,0.0,-0.0,-0.0,13.03,hold_price
401,Clothing,0.0,-0.0,-0.0,53.44,hold_price
402,Clothing,0.0,-0.0,-0.0,59.57,hold_price
403,Clothing,0.0,-0.0,-0.0,44.9,hold_price
404,Clothing,0.0,-0.0,-0.0,58.63,hold_price
405,Clothing,0.0,-0.0,-0.0,58.81,hold_price
406,Clothing,0.0,-0.0,-0.0,46.97,hold_price
407,Clothing,0.0,-0.0,-0.0,46.36,hold_price
408,Clothing,0.0,-0.0,-0.0,55.05,hold_price
409,Clothing,0.0,-0.0,-0.0,42.19,hold_price
410,Clothing,0.0,-0.0,-0.0,58.51,hold_price
411,Clothing,0.0,-0.0,-0.0,55.95,hold_price
412,Clothing,0.0,-0.0,-0.0,42.4,hold_price
413,Clothing,0.0,-0.0,-0.0,47.33,hold_price
414,Clothing,0.0,-0.0,-0.0,48.98,hold_price
415,Clothing,0.0,-0.0,-0.0,40.29,hold_price
416,Clothing,0.0,-0.0,-0.0,52.86,hold_price
417,Clothing,0.0,-0.0,-0.0,57.27,hold_price
418,Clothing,0.0,-0.0,-0.0,46.81,hold_price
419,Clothing,0.0,-0.0,-0.0,51.6,hold_price
420,Clothing,0.0,-0.0,-0.0,55.3,hold_price
421,Clothing,0.0,-0.0,-0.0,40.37,hold_price
422,Clothing,0.0,-0.0,-0.0,44.87,hold_price
423,Clothing,0.0,-0.0,-0.0,58.7,hold_price
424,Clothing,0.0,-0.0,-0.0,52.35,hold_price
425,Clothing,0.0,-0.0,-0.0,58.6,hold_price
426,Clothing,0.0,-0.0,-0.0,41.79,hold_price
427,Clothing,0.0,-0.0,-0.0,48.27,hold_price
428,Clothing,0.0,-0.0,-0.0,57.2,hold_price
429,Clothing,0.0,-0.0,-0.0,45.13,hold_price
430,Clothing,0.0,-0.0,-0.0,56.12,hold_price
431,Clothing,0.0,-0.0,-0.0,52.67,hold_price
432,Clothing,0.0,-0.0,-0.0,56.38,hold_price
433,Clothing,0.0,-0.0,-0.0,52.93,hold_price
434,Clothing,0.0,-0.0,-0.0,58.0,hold_price
435,Clothing,0.0,-0.0,-0.0,46.04,hold_price
436,Clothing,0.0,-0.0,-0.0,53.35,hold_price
437,Clothing,0.0,-0.0,-0.0,49.04,hold_price
438,Clothing,0.0,-0.0,-0.0,54.73,hold_price
439,Clothing,0.0,-0.0,-0.0,41.91,hold_price
440,Clothing,0.0,-0.0,-0.0,50.93,hold_price
441,Clothing,0.0,-0.0,-0.0,51.89,hold_price
442,Clothing,0.0,-0.0,-0.0,51.94,hold_price
443,Clothing,0.0,-0.0,-0.0,48.92,hold_price
444,Clothing,0.0,-0.0,-0.0,46.85,hold_price
445,Clothing,0.0,-0.0,-0.0,51.57,hold_price
446,Clothing,0.0,-0.0,-0.0,57.89,hold_price
447,Clothing,0.0,-0.0,-0.0,44.53,hold_price
448,Clothing,0.0,-0.0,-0.0,56.63,hold_price
449,Clothing,0.0,-0.0,-0.0,52.79,hold_price
450,Clothing,0.0,-0.0,-0.0,46.49,hold_price
451,Clothing,0.0,-0.0,-0.0,53.24,hold_price
452,Clothing,0.0,-0.0,-0.0,49.3,hold_price
453,Clothing,0.0,-0.0,-0.0,43.51,hold_price
454,Clothing,0.0,-0.0,-0.0,49.01,hold_price
455,Clothing,0.0,-0.0,-0.0,59.62,hold_price
456,Clothing,0.0,-0.0,-0.0,59.48,hold_price
457,Clothing,0.0,-0.0,-0.0,50.8,hold_price
458,Clothing,0.0,-0.0,-0.0,45.14,hold_price
459,Clothing,0.0,-0.0,-0.0,55.64,hold_price
460,Clothing,0.0,-0.0,-0.0,46.06,hold_price
461,Clothing,0.0,-0.0,-0.0,41.75,hold_price
462,Clothing,0.0,-0.0,-0.0,46.11,hold_price
463,Clothing,0.0,-0.0,-0.0,50.31,hold_price
464,Clothing,0.0,-0.0,-0.0,51.34,hold_price
465,Clothing,0.0,-0.0,-0.0,47.94,hold_price
466,Clothing,0.0,-0.0,-0.0,57.56,hold_price
467,Clothing,0.0,-0.0,-0.0,46.45,hold_price
468,Clothing,0.0,-0.0,-0.0,44.46,hold_price
469,Clothing,0.0,-0.0,-0.0,56.45,hold_price
470,Clothing,0.0,-0.0,-0.0,58.46,hold_price
471,Clothing,0.0,-0.0,-0.0,59.06,hold_price
472,Clothing,0.0,-0.0,-0.0,41.37,hold_price
473,Clothing,0.0,-0.0,-0.0,59.26,hold_price
474,Clothing,0.0,-0.0,-0.0,48.65,hold_price
475,Clothing,0.0,-0.0,-0.0,42.11,hold_price
476,Clothing,0.0,-0.0,-0.0,53.0,hold_price
477,Clothing,0.0,-0.0,-0.0,43.84,hold_price
478,Clothing,0.0,-0.0,-0.0,55.09,hold_price
479,Clothing,0.0,-0.0,-0.0,41.49,hold_price
480,Clothing,0.0,-0.0,-0.0,53.83,hold_price
481,Clothing,0.0,-0.0,-0.0,44.58,hold_price
482,Clothing,0.0,-0.0,-0.0,52.48,hold_price
483,Clothing,0.0,-0.0,-0.0,57.73,hold_price
484,Clothing,0.0,-0.0,-0.0,48.28,hold_price
485,Clothing,0.0,-0.0,-0.0,40.22,hold_price
486,Clothing,0.0,-0.0,-0.0,55.81,hold_price
487,Clothing,0.0,-0.0,-0.0,43.79,hold_price
488,Clothing,0.0,-0.0,-0.0,56.69,hold_price
489,Clothing,0.0,-0.0,-0.0,41.3,hold_price
490,Clothing,0.0,-0.0,-0.0,50.96,hold_price
491,Clothing,0.0,-0.0,-0.0,42.98,hold_price
492,Clothing,0.0,-0.0,-0.0,54.75,hold_price
493,Clothing,0.0,-0.0,-0.0,57.19,hold_price
494,Clothing,0.0,-0.0,-0.0,42.66,hold_price
495,Clothing,0.0,-0.0,-0.0,56.18,hold_price
496,Clothing,0.0,-0.0,-0.0,40.77,hold_price
497,Clothing,0.0,-0.0,-0.0,49.91,hold_price
498,Clothing,0.0,-0.0,-0.0,41.34,hold_price
499,Clothing,0.0,-0.0,-0.0,59.77,hold_price
500,Clothing,0.0,-0.0,-0.0,54.92,hold_price
501,Clothing,0.0,-0.0,-0.0,42.11,hold_price
502,Clothing,0.0,-0.0,-0.0,47.75,hold_price
503,Clothing,0.0,-0.0,-0.0,58.85,hold_price
504,Clothing,0.0,-0.0,-0.0,48.25,hold_price
505,Clothing,0.0,-0.0,-0.0,41.65,hold_price
506,Clothing,0.0,-0.0,-0.0,55.38,hold_price
507,Clothing,0.0,-0.0,-0.0,44.12,hold_price
508,Clothing,0.0,-0.0,-0.0,55.49,hold_price
509,Clothing,0.0,-0.0,-0.0,40.84,hold_price
510,Clothing,0.0,-0.0,-0.0,45.86,hold_price
511,Clothing,0.0,-0.0,-0.0,54.97,hold_price
512,Clothing,0.0,-0.0,-0.0,46.77,hold_price
513,Clothing,0.0,-0.0,-0.0,48.65,hold_price
514,Clothing,0.0,-0.0,-0.0,58.86,hold_price
515,Clothing,0.0,-0.0,-0.0,49.92,hold_price
516,Clothing,0.0,-0.0,-0.0,56.31,hold_price
517,Clothing,0.0,-0.0,-0.0,45.04,hold_price
518,Clothing,0.0,-0.0,-0.0,54.96,hold_price
519,Clothing,0.0,-0.0,-0.0,55.06,hold_price
520,Clothing,0.0,-0.0,-0.0,43.28,hold_price
521,Clothing,0.0,-0.0,-0.0,56.35,hold_price
522,Clothing,0.0,-0.0,-0.0,50.85,hold_price
523,Clothing,0.0,-0.0,-0.0,45.95,hold_price
524,Clothing,0.0,-0.0,-0.0,51.53,hold_price
525,Clothing,0.0,-0.0,-0.0,49.23,hold_price
526,Clothing,0.0,-0.0,-0.0,59.84,hold_price
527,Clothing,0.0,-0.0,-0.0,46.22,hold_price
528,Clothing,0.0,-0.0,-0.0,47.11,hold_price
529,Clothing,0.0,-0.0,-0.0,40.1,hold_price
530,Clothing,0.0,-0.0,-0.0,54.9,hold_price
531,Clothing,0.0,-0.0,-0.0,53.57,hold_price
532,Clothing,0.0,-0.0,-0.0,47.37,hold_price
533,Clothing,0.0,-0.0,-0.0,57.73,hold_price
534,Clothing,0.0,-0.0,-0.0,48.26,hold_price
535,Clothing,0.0,-0.0,-0.0,47.11,hold_price
536,Clothing,0.0,-0.0,-0.0,51.77,hold_price
537,Clothing,0.0,-0.0,-0.0,41.3,hold_price
538,Clothing,0.0,-0.0,-0.0,52.07,hold_price
539,Clothing,0.0,-0.0,-0.0,40.46,hold_price
540,Clothing,0.0,-0.0,-0.0,42.98,hold_price
541,Clothing,0.0,-0.0,-0.0,54.15,hold_price
542,Clothing,0.0,-0.0,-0.0,42.95,hold_price
543,Clothing,0.0,-0.0,-0.0,44.41,hold_price
544,Clothing,0.0,-0.0,-0.0,59.97,hold_price
545,Clothing,0.0,-0.0,-0.0,52.75,hold_price
546,Clothing,0.0,-0.0,-0.0,59.82,hold_price
547,Clothing,0.0,-0.0,-0.0,59.01,hold_price
548,Clothing,0.0,-0.0,-0.0,59.59,hold_price
549,Clothing,0.0,-0.0,-0.0,51.72,hold_price
550,Clothing,0.0,-0.0,-0.0,55.65,hold_price
551,Clothing,0.0,-0.0,-0.0,44.51,hold_price
552,Clothing,0.0,-0.0,-0.0,49.62,hold_price
553,Clothing,0.0,-0.0,-0.0,54.12,hold_price
554,Clothing,0.0,-0.0,-0.0,58.09,hold_price
555,Clothing,0.0,-0.0,-0.0,40.14,hold_price
556,Clothing,0.0,-0.0,-0.0,47.96,hold_price
557,Clothing,0.0,-0.0,-0.0,41.38,hold_price
558,Clothing,0.0,-0.0,-0.0,45.24,hold_price
559,Clothing,0.0,-0.0,-0.0,59.49,hold_price
560,Clothing,0.0,-0.0,-0.0,41.31,hold_price
561,Clothing,0.0,-0.0,-0.0,41.23,hold_price
562,Clothing,0.0,-0.0,-0.0,50.64,hold_price
563,Clothing,0.0,-0.0,-0.0,58.0,hold_price
564,Clothing,0.0,-0.0,-0.0,51.2,hold_price
565,Clothing,0.0,-0.0,-0.0,55.76,hold_price
566,Clothing,0.0,-0.0,-0.0,45.13,hold_price
567,Clothing,0.0,-0.0,-0.0,46.77,hold_price
568,Clothing,0.0,-0.0,-0.0,59.35,hold_price
569,Clothing,0.0,-0.0,-0.0,54.4,hold_price
570,Clothing,0.0,-0.0,-0.0,51.22,hold_price
571,Clothing,0.0,-0.0,-0.0,48.08,hold_price
572,Clothing,0.0,-0.0,-0.0,50.98,hold_price
573,Clothing,0.0,-0.0,-0.0,43.32,hold_price
574,Clothing,0.0,-0.0,-0.0,49.25,hold_price
575,Clothing,0.0,-0.0,-0.0,45.81,hold_price
576,Clothing,0.0,-0.0,-0.0,41.04,hold_price
577,Clothing,0.0,-0.0,-0.0,46.6,hold_price
578,Clothing,0.0,-0.0,-0.0,43.23,hold_price
579,Clothing,0.0,-0.0,-0.0,59.7,hold_price
580,Clothing,0.0,-0.0,-0.0,41.29,hold_price
581,Clothing,0.0,-0.0,-0.0,49.96,hold_price
582,Clothing,0.0,-0.0,-0.0,41.87,hold_price
583,Clothing,0.0,-0.0,-0.0,43.74,hold_price
584,Clothing,0.0,-0.0,-0.0,45.53,hold_price
585,Clothing,0.0,-0.0,-0.0,53.91,hold_price
586,Clothing,0.0,-0.0,-0.0,57.15,hold_price
587,Clothing,0.0,-0.0,-0.0,59.67,hold_price
588,Clothing,0.0,-0.0,-0.0,43.69,hold_price
589,Clothing,0.0,-0.0,-0.0,46.26,hold_price
590,Clothing,0.0,-0.0,-0.0,50.11,hold_price
591,Clothing,0.0,-0.0,-0.0,53.36,hold_price
592,Clothing,0.0,-0.0,-0.0,57.64,hold_price
593,Clothing,0.0,-0.0,-0.0,41.86,hold_price
594,Clothing,0.0,-0.0,-0.0,44.2,hold_price
595,Clothing,0.0,-0.0,-0.0,57.16,hold_price
596,Clothing,0.0,-0.0,-0.0,55.2,hold_price
597,Clothing,0.0,-0.0,-0.0,53.03,hold_price
598,Clothing,0.0,-0.0,-0.0,56.39,hold_price
599,Clothing,0.0,-0.0,-0.0,44.89,hold_price
600,Clothing,0.0,-0.0,-0.0,44.79,hold_price
601,Clothing,0.0,-0.0,-0.0,49.01,hold_price
602,Clothing,0.0,-0.0,-0.0,52.42,hold_price
603,Clothing,0.0,-0.0,-0.0,56.87,hold_price
604,Clothing,0.0,-0.0,-0.0,54.77,hold_price
605,Clothing,0.0,-0.0,-0.0,40.08,hold_price
606,Clothing,0.0,-0.0,-0.0,56.74,hold_price
607,Clothing,0.0,-0.0,-0.0,44.31,hold_price
608,Clothing,0.0,-0.0,-0.0,48.17,hold_price
609,Clothing,0.0,-0.0,-0.0,55.32,hold_price
610,Clothing,0.0,-0.0,-0.0,45.2,hold_price
611,Clothing,0.0,-0.0,-0.0,43.38,hold_price
612,Clothing,0.0,-0.0,-0.0,42.58,hold_price
613,Clothing,0.0,-0.0,-0.0,40.84,hold_price
614,Clothing,0.0,-0.0,-0.0,58.21,hold_price
615,Clothing,0.0,-0.0,-0.0,40.36,hold_price
616,Clothing,0.0,-0.0,-0.0,50.66,hold_price
617,Clothing,0.0,-0.0,-0.0,54.06,hold_price
618,Clothing,0.0,-0.0,-0.0,44.83,hold_price
619,Clothing,0.0,-0.0,-0.0,51.97,hold_price
620,Clothing,0.0,-0.0,-0.0,54.86,hold_price
621,Clothing,0.0,-0.0,-0.0,57.05,hold_price
622,Clothing,0.0,-0.0,-0.0,57.84,hold_price
623,Clothing,0.0,-0.0,-0.0,48.58,hold_price
624,Clothing,0.0,-0.0,-0.0,53.18,hold_price
625,Clothing,0.0,-0.0,-0.0,42.3,hold_price
626,Clothing,0.0,-0.0,-0.0,53.38,hold_price
627,Clothing,0.0,-0.0,-0.0,51.43,hold_price
628,Clothing,0.0,-0.0,-0.0,49.29,hold_price
629,Clothing,0.0,-0.0,-0.0,48.87,hold_price
630,Clothing,0.0,-0.0,-0.0,55.78,hold_price
631,Clothing,0.0,-0.0,-0.0,42.64,hold_price
632,Clothing,0.0,-0.0,-0.0,53.04,hold_price
633,Clothing,0.0,-0.0,-0.0,59.67,hold_price
634,Clothing,0.0,-0.0,-0.0,49.45,hold_price
635,Clothing,0.0,-0.0,-0.0,45.53,hold_price
636,Clothing,0.0,-0.0,-0.0,49.65,hold_price
637,Clothing,0.0,-0.0,-0.0,51.82,hold_price
638,Clothing,0.0,-0.0,-0.0,44.4,hold_price
639,Clothing,0.0,-0.0,-0.0,46.77,hold_price
640,Clothing,0.0,-0.0,-0.0,50.25,hold_price
641,Clothing,0.0,-0.0,-0.0,41.74,hold_price
642,Clothing,0.0,-0.0,-0.0,46.89,hold_price
643,Clothing,0.0,-0.0,-0.0,40.9,hold_price
644,Clothing,0.0,-0.0,-0.0,43.3,hold_price
645,Clothing,0.0,-0.0,-0.0,58.15,hold_price
646,Clothing,0.0,-0.0,-0.0,46.19,hold_price
647,Clothing,0.0,-0.0,-0.0,56.42,hold_price
648,Clothing,0.0,-0.0,-0.0,54.32,hold_price
649,Clothing,0.0,-0.0,-0.0,42.29,hold_price
650,Clothing,0.0,-0.0,-0.0,42.42,hold_price
651,Clothing,0.0,-0.0,-0.0,48.08,hold_price
652,Clothing,0.0,-0.0,-0.0,53.37,hold_price
653,Clothing,0.0,-0.0,-0.0,51.88,hold_price
654,Clothing,0.0,-0.0,-0.0,42.32,hold_price
655,Clothing,0.0,-0.0,-0.0,42.41,hold_price
656,Clothing,0.0,-0.0,-0.0,50.68,hold_price
657,Clothing,0.0,-0.0,-0.0,50.65,hold_price
658,Clothing,0.0,-0.0,-0.0,47.99,hold_price
659,Clothing,0.0,-0.0,-0.0,44.32,hold_price
660,Clothing,0.0,-0.0,-0.0,47.76,hold_price
661,Clothing,0.0,-0.0,-0.0,41.55,hold_price
662,Clothing,0.0,-0.0,-0.0,51.81,hold_price
663,Clothing,0.0,-0.0,-0.0,49.0,hold_price
664,Clothing,0.0,-0.0,-0.0,46.37,hold_price
665,Clothing,0.0,-0.0,-0.0,54.11,hold_price
666,Clothing,0.0,-0.0,-0.0,48.62,hold_price
667,Clothing,0.0,-0.0,-0.0,46.92,hold_price
668,Clothing,0.0,-0.0,-0.0,52.92,hold_price
669,Clothing,0.0,-0.0,-0.0,41.43,hold_price
670,Clothing,0.0,-0.0,-0.0,56.95,hold_price
671,Clothing,0.0,-0.0,-0.0,51.19,hold_price
672,Clothing,0.0,-0.0,-0.0,49.71,hold_price
673,Clothing,0.0,-0.0,-0.0,47.68,hold_price
674,Clothing,0.0,-0.0,-0.0,43.2,hold_price
675,Clothing,0.0,-0.0,-0.0,49.75,hold_price
676,Clothing,0.0,-0.0,-0.0,47.4,hold_price
677,Clothing,0.0,-0.0,-0.0,48.88,hold_price
678,Clothing,0.0,-0.0,-0.0,41.76,hold_price
679,Clothing,0.0,-0.0,-0.0,59.41,hold_price
680,Clothing,0.0,-0.0,-0.0,51.08,hold_price
681,Clothing,0.0,-0.0,-0.0,56.67,hold_price
682,Clothing,0.0,-0.0,-0.0,45.19,hold_price
683,Clothing,0.0,-0.0,-0.0,46.84,hold_price
684,Clothing,0.0,-0.0,-0.0,51.15,hold_price
685,Clothing,0.0,-0.0,-0.0,42.78,hold_price
686,Clothing,0.0,-0.0,-0.0,49.77,hold_price
687,Clothing,0.0,-0.0,-0.0,57.61,hold_price
688,Clothing,0.0,-0.0,-0.0,54.62,hold_price
689,Clothing,0.0,-0.0,-0.0,50.86,hold_price
690,Clothing,0.0,-0.0,-0.0,54.44,hold_price
691,Clothing,0.0,-0.0,-0.0,54.92,hold_price
692,Clothing,0.0,-0.0,-0.0,45.51,hold_price
693,Clothing,0.0,-0.0,-0.0,58.98,hold_price
694,Clothing,0.0,-0.0,-0.0,57.27,hold_price
695,Clothing,0.0,-0.0,-0.0,44.07,hold_price
696,Clothing,0.0,-0.0,-0.0,47.25,hold_price
697,Clothing,0.0,-0.0,-0.0,49.12,hold_price
698,Clothing,0.0,-0.0,-0.0,51.83,hold_price
699,Clothing,0.0,-0.0,-0.0,42.18,hold_price
700,Clothing,0.0,-0.0,-0.0,56.94,hold_price
701,Clothing,0.0,-0.0,-0.0,50.2,hold_price
702,Clothing,0.0,-0.0,-0.0,53.76,hold_price
703,Clothing,0.0,-0.0,-0.0,42.69,hold_price
704,Clothing,0.0,-0.0,-0.0,45.57,hold_price
705,Clothing,0.0,-0.0,-0.0,53.54,hold_price
706,Clothing,0.0,-0.0,-0.0,56.68,hold_price
707,Clothing,0.0,-0.0,-0.0,58.75,hold_price
708,Clothing,0.0,-0.0,-0.0,56.92,hold_price
709,Clothing,0.0,-0.0,-0.0,45.6,hold_price
710,Clothing,0.0,-0.0,-0.0,42.22,hold_price
711,Clothing,0.0,-0.0,-0.0,41.45,hold_price
712,Clothing,0.0,-0.0,-0.0,45.99,hold_price
713,Clothing,0.0,-0.0,-0.0,54.14,hold_price
714,Clothing,0.0,-0.0,-0.0,48.05,hold_price
715,Clothing,0.0,-0.0,-0.0,56.07,hold_price
716,Clothing,0.0,-0.0,-0.0,56.84,hold_price
717,Clothing,0.0,-0.0,-0.0,40.67,hold_price
718,Clothing,0.0,-0.0,-0.0,55.2,hold_price
719,Clothing,0.0,-0.0,-0.0,52.5,hold_price
720,Clothing,0.0,-0.0,-0.0,44.84,hold_price
721,Clothing,0.0,-0.0,-0.0,45.8,hold_price
722,Clothing,0.0,-0.0,-0.0,54.41,hold_price
723,Clothing,0.0,-0.0,-0.0,52.59,hold_price
724,Clothing,0.0,-0.0,-0.0,46.35,hold_price
725,Clothing,0.0,-0.0,-0.0,54.3,hold_price
726,Clothing,0.0,-0.0,-0.0,46.81,hold_price
727,Clothing,0.0,-0.0,-0.0,58.61,hold_price
728,Clothing,0.0,-0.0,-0.0,51.31,hold_price
729,Clothing,0.0,-0.0,-0.0,58.15,hold_price
730,Clothing,0.0,-0.0,-0.0,47.54,hold_price
731,Clothing,0.0,-0.0,-0.0,53.74,hold_price
732,Clothing,0.0,-0.0,-0.0,52.65,hold_price
733,Clothing,0.0,-0.0,-0.0,53.32,hold_price
734,Clothing,0.0,-0.0,-0.0,53.51,hold_price
735,Clothing,0.0,-0.0,-0.0,55.64,hold_price
736,Clothing,0.0,-0.0,-0.0,47.22,hold_price
737,Clothing,0.0,-0.0,-0.0,42.22,hold_price
738,Clothing,0.0,-0.0,-0.0,57.18,hold_price
739,Clothing,0.0,-0.0,-0.0,48.31,hold_price
740,Clothing,0.0,-0.0,-0.0,49.45,hold_price
741,Clothing,0.0,-0.0,-0.0,52.16,hold_price
742,Clothing,0.0,-0.0,-0.0,53.04,hold_price
743,Clothing,0.0,-0.0,-0.0,52.9,hold_price
744,Clothing,0.0,-0.0,-0.0,43.98,hold_price
745,Clothing,0.0,-0.0,-0.0,47.35,hold_price
746,Clothing,0.0,-0.0,-0.0,50.32,hold_price
747,Clothing,0.0,-0.0,-0.0,44.84,hold_price
748,Clothing,0.0,-0.0,-0.0,48.28,hold_price
749,Clothing,0.0,-0.0,-0.0,50.62,hold_price
750,Clothing,0.0,-0.0,-0.0,59.27,hold_price
751,Clothing,0.0,-0.0,-0.0,46.23,hold_price
752,Clothing,0.0,-0.0,-0.0,59.52,hold_price
753,Clothing,0.0,-0.0,-0.0,47.65,hold_price
754,Clothing,0.0,-0.0,-0.0,48.7,hold_price
755,Clothing,0.0,-0.0,-0.0,50.36,hold_price
756,Clothing,0.0,-0.0,-0.0,40.03,hold_price
757,Clothing,0.0,-0.0,-0.0,59.48,hold_price
758,Clothing,0.0,-0.0,-0.0,56.6,hold_price
759,Clothing,0.0,-0.0,-0.0,46.06,hold_price
760,Clothing,0.0,-0.0,-0.0,44.93,hold_price
761,Clothing,0.0,-0.0,-0.0,49.48,hold_price
762,Clothing,0.0,-0.0,-0.0,58.85,hold_price
763,Clothing,0.0,-0.0,-0.0,59.26,hold_price
764,Clothing,0.0,-0.0,-0.0,54.52,hold_price
765,Clothing,0.0,-0.0,-0.0,55.63,hold_price
766,Clothing,0.0,-0.0,-0.0,56.22,hold_price
767,Clothing,0.0,-0.0,-0.0,56.2,hold_price
768,Clothing,0.0,-0.0,-0.0,41.21,hold_price
769,Clothing,0.0,-0.0,-0.0,40.17,hold_price
770,Clothing,0.0,-0.0,-0.0,42.68,hold_price
771,Clothing,0.0,-0.0,-0.0,47.09,hold_price
772,Clothing,0.0,-0.0,-0.0,52.42,hold_price
773,Clothing,0.0,-0.0,-0.0,49.17,hold_price
774,Clothing,0.0,-0.0,-0.0,57.95,hold_price
775,Clothing,0.0,-0.0,-0.0,59.89,hold_price
776,Clothing,0.0,-0.0,-0.0,53.18,hold_price
777,Clothing,0.0,-0.0,-0.0,59.9,hold_price
778,Clothing,0.0,-0.0,-0.0,44.38,hold_price
779,Clothing,0.0,-0.0,-0.0,43.52,hold_price
780,Clothing,0.0,-0.0,-0.0,56.61,hold_price
781,Clothing,0.0,-0.0,-0.0,53.97,hold_price
782,Clothing,0.0,-0.0,-0.0,59.34,hold_price
783,Clothing,0.0,-0.0,-0.0,54.36,hold_price
784,Clothing,0.0,-0.0,-0.0,43.25,hold_price
785,Clothing,0.0,-0.0,-0.0,40.24,hold_price
786,Clothing,0.0,-0.0,-0.0,58.52,hold_price
787,Clothing,0.0,-0.0,-0.0,56.16,hold_price
788,Clothing,0.0,-0.0,-0.0,44.92,hold_price
789,Clothing,0.0,-0.0,-0.0,40.01,hold_price
790,Clothing,0.0,-0.0,-0.0,59.79,hold_price
791,Clothing,0.0,-0.0,-0.0,50.26,hold_price
792,Clothing,0.0,-0.0,-0.0,55.08,hold_price
793,Clothing,0.0,-0.0,-0.0,51.54,hold_price
794,Clothing,0.0,-0.0,-0.0,47.72,hold_price
795,Clothing,0.0,-0.0,-0.0,56.95,hold_price
796,Clothing,0.0,-0.0,-0.0,59.49,hold_price
797,Clothing,0.0,-0.0,-0.0,40.78,hold_price
798,Clothing,0.0,-0.0,-0.0,57.34,hold_price
799,Clothing,0.0,-0.0,-0.0,51.63,hold_price
800,Clothing,0.0,-0.0,-0.0,46.53,hold_price
801,Groceries,0.0,-0.0,-0.0,21.39,hold_price
802,Groceries,0.0,-0.0,-0.0,26.71,hold_price
803,Groceries,0.0,-0.0,-0.0,18.08,hold_price
804,Groceries,0.0,-0.0,-0.0,23.93,hold_price
805,Groceries,0.0,-0.0,-0.0,19.43,hold_price
806,Groceries,0.0,-0.0,-0.0,16.4,hold_price
807,Groceries,0.0,-0.0,-0.0,26.62,hold_price
808,Groceries,0.0,-0.0,-0.0,28.2,hold_price
809,Groceries,0.0,-0.0,-0.0,15.53,hold_price
810,Groceries,0.0,-0.0,-0.0,21.0,hold_price
811,Groceries,0.0,-0.0,-0.0,18.39,hold_price
812,Groceries,0.0,-0.0,-0.0,28.21,hold_price
813,Groceries,0.0,-0.0,-0.0,25.94,hold_price
814,Groceries,0.0,-0.0,-0.0,21.35,hold_price
815,Groceries,0.0,-0.0,-0.0,27.24,hold_price
816,Groceries,0.0,-0.0,-0.0,21.07,hold_price
817,Groceries,0.0,-0.0,-0.0,20.68,hold_price
818,Groceries,0.0,-0.0,-0.0,18.99,hold_price
819,Groceries,0.0,-0.0,-0.0,15.63,hold_price
820,Groceries,0.0,-0.0,-0.0,19.43,hold_price
821,Groceries,0.0,-0.0,-0.0,16.56,hold_price
822,Groceries,0.0,-0.0,-0.0,29.62,hold_price
823,Groceries,0.0,-0.0,-0.0,16.82,hold_price
824,Groceries,0.0,-0.0,-0.0,19.1,hold_price
825,Groceries,0.0,-0.0,-0.0,20.21,hold_price
826,Groceries,0.0,-0.0,-0.0,16.85,hold_price
827,Groceries,0.0,-0.0,-0.0,21.55,hold_price
828,Groceries,0.0,-0.0,-0.0,17.47,hold_price
829,Groceries,0.0,-0.0,-0.0,26.53,hold_price
830,Groceries,0.0,-0.0,-0.0,27.64,hold_price
831,Groceries,0.0,-0.0,-0.0,25.58,hold_price
832,Groceries,0.0,-0.0,-0.0,21.47,hold_price
833,Groceries,0.0,-0.0,-0.0,16.77,hold_price
834,Groceries,0.0,-0.0,-0.0,16.95,hold_price
835,Groceries,0.0,-0.0,-0.0,19.69,hold_price
836,Groceries,0.0,-0.0,-0.0,16.08,hold_price
837,Groceries,0.0,-0.0,-0.0,28.59,hold_price
838,Groceries,0.0,-0.0,-0.0,15.76,hold_price
839,Groceries,0.0,-0.0,-0.0,19.6,hold_price
840,Groceries,0.0,-0.0,-0.0,20.0,hold_price
841,Groceries,0.0,-0.0,-0.0,16.05,hold_price
842,Groceries,0.0,-0.0,-0.0,21.5,hold_price
843,Groceries,0.0,-0.0,-0.0,18.16,hold_price
844,Groceries,0.0,-0.0,-0.0,25.09,hold_price
845,Groceries,0.0,-0.0,-0.0,19.21,hold_price
846,Groceries,0.0,-0.0,-0.0,15.18,hold_price
847,Groceries,0.0,-0.0,-0.0,29.63,hold_price
848,Groceries,0.0,-0.0,-0.0,26.09,hold_price
849,Groceries,0.0,-0.0,-0.0,20.23,hold_price
850,Groceries,0.0,-0.0,-0.0,22.74,hold_price
851,Groceries,0.0,-0.0,-0.0,24.88,hold_price
852,Groceries,0.0,-0.0,-0.0,17.57,hold_price
853,Groceries,0.0,-0.0,-0.0,25.41,hold_price
854,Groceries,0.0,-0.0,-0.0,23.36,hold_price
855,Groceries,0.0,-0.0,-0.0,20.59,hold_price
856,Groceries,0.0,-0.0,-0.0,25.1,hold_price
857,Groceries,0.0,-0.0,-0.0,23.98,hold_price
858,Groceries,0.0,-0.0,-0.0,16.59,hold_price
859,Groceries,0.0,-0.0,-0.0,26.05,hold_price
860,Groceries,0.0,-0.0,-0.0,24.39,hold_price
861,Groceries,0.0,-0.0,-0.0,15.26,hold_price
862,Groceries,0.0,-0.0,-0.0,29.1,hold_price
863,Groceries,0.0,-0.0,-0.0,24.24,hold_price
864,Groceries,0.0,-0.0,-0.0,21.52,hold_price
865,Groceries,0.0,-0.0,-0.0,28.71,hold_price
866,Groceries,0.0,-0.0,-0.0,25.85,hold_price
867,Groceries,0.0,-0.0,-0.0,24.22,hold_price
868,Groceries,0.0,-0.0,-0.0,25.74,hold_price
869,Groceries,0.0,-0.0,-0.0,26.08,hold_price
870,Groceries,0.0,-0.0,-0.0,15.98,hold_price
871,Groceries,0.0,-0.0,-0.0,25.99,hold_price
872,Groceries,0.0,-0.0,-0.0,16.22,hold_price
873,Groceries,0.0,-0.0,-0.0,27.34,hold_price
874,Groceries,0.0,-0.0,-0.0,20.97,hold_price
875,Groceries,0.0,-0.0,-0.0,16.02,hold_price
876,Groceries,0.0,-0.0,-0.0,23.76,hold_price
877,Groceries,0.0,-0.0,-0.0,28.75,hold_price
878,Groceries,0.0,-0.0,-0.0,26.85,hold_price
879,Groceries,0.0,-0.0,-0.0,24.56,hold_price
880,Groceries,0.0,-0.0,-0.0,17.14,hold_price
881,Groceries,0.0,-0.0,-0.0,19.37,hold_price
882,Groceries,0.0,-0.0,-0.0,19.54,hold_price
883,Groceries,0.0,-0.0,-0.0,28.89,hold_price
884,Groceries,0.0,-0.0,-0.0,24.8,hold_price
885,Groceries,0.0,-0.0,-0.0,16.02,hold_price
886,Groceries,0.0,-0.0,-0.0,28.2,hold_price
887,Groceries,0.0,-0.0,-0.0,27.12,hold_price
888,Groceries,0.0,-0.0,-0.0,21.66,hold_price
889,Groceries,0.0,-0.0,-0.0,20.27,hold_price
890,Groceries,0.0,-0.0,-0.0,18.22,hold_price
891,Groceries,0.0,-0.0,-0.0,20.61,hold_price
892,Groceries,0.0,-0.0,-0.0,28.57,hold_price
893,Groceries,0.0,-0.0,-0.0,17.9,hold_price
894,Groceries,0.0,-0.0,-0.0,20.18,hold_price
895,Groceries,0.0,-0.0,-0.0,19.41,hold_price
896,Groceries,0.0,-0.0,-0.0,20.76,hold_price
897,Groceries,0.0,-0.0,-0.0,27.92,hold_price
898,Groceries,0.0,-0.0,-0.0,17.42,hold_price
899,Groceries,0.0,-0.0,-0.0,25.96,hold_price
900,Groceries,0.0,-0.0,-0.0,16.61,hold_price
901,Groceries,0.0,-0.0,-0.0,24.12,hold_price
902,Groceries,0.0,-0.0,-0.0,29.82,hold_price
903,Groceries,0.0,-0.0,-0.0,23.13,hold_price
904,Groceries,0.0,-0.0,-0.0,22.47,hold_price
905,Groceries,0.0,-0.0,-0.0,24.46,hold_price
906,Groceries,0.0,-0.0,-0.0,28.97,hold_price
907,Groceries,0.0,-0.0,-0.0,20.82,hold_price
908,Groceries,0.0,-0.0,-0.0,22.67,hold_price
909,Groceries,0.0,-0.0,-0.0,26.69,hold_price
910,Groceries,0.0,-0.0,-0.0,23.43,hold_price
911,Groceries,0.0,-0.0,-0.0,18.8,hold_price
912,Groceries,0.0,-0.0,-0.0,26.3,hold_price
913,Groceries,0.0,-0.0,-0.0,18.05,hold_price
914,Groceries,0.0,-0.0,-0.0,23.02,hold_price
915,Groceries,0.0,-0.0,-0.0,21.06,hold_price
916,Groceries,0.0,-0.0,-0.0,20.87,hold_price
917,Groceries,0.0,-0.0,-0.0,18.15,hold_price
918,Groceries,0.0,-0.0,-0.0,27.71,hold_price
919,Groceries,0.0,-0.0,-0.0,21.77,hold_price
920,Groceries,0.0,-0.0,-0.0,18.48,hold_price
921,Groceries,0.0,-0.0,-0.0,21.56,hold_price
922,Groceries,0.0,-0.0,-0.0,20.61,hold_price
923,Groceries,0.0,-0.0,-0.0,20.18,hold_price
924,Groceries,0.0,-0.0,-0.0,27.65,hold_price
925,Groceries,0.0,-0.0,-0.0,16.45,hold_price
926,Groceries,0.0,-0.0,-0.0,23.74,hold_price
927,Groceries,0.0,-0.0,-0.0,25.15,hold_price
928,Groceries,0.0,-0.0,-0.0,18.26,hold_price
929,Groceries,0.0,-0.0,-0.0,24.94,hold_price
930,Groceries,0.0,-0.0,-0.0,18.94,hold_price
931,Groceries,0.0,-0.0,-0.0,28.35,hold_price
932,Groceries,0.0,-0.0,-0.0,17.35,hold_price
933,Groceries,0.0,-0.0,-0.0,19.08,hold_price
934,Groceries,0.0,-0.0,-0.0,18.26,hold_price
935,Groceries,0.0,-0.0,-0.0,17.84,hold_price
936,Groceries,0.0,-0.0,-0.0,20.75,hold_price
937,Groceries,0.0,-0.0,-0.0,21.46,hold_price
938,Groceries,0.0,-0.0,-0.0,24.53,hold_price
939,Groceries,0.0,-0.0,-0.0,21.97,hold_price
940,Groceries,0.0,-0.0,-0.0,18.96,hold_price
941,Groceries,0.0,-0.0,-0.0,29.76,hold_price
942,Groceries,0.0,-0.0,-0.0,20.54,hold_price
943,Groceries,0.0,-0.0,-0.0,18.95,hold_price
944,Groceries,0.0,-0.0,-0.0,27.38,hold_price
945,Groceries,0.0,-0.0,-0.0,21.42,hold_price
946,Groceries,0.0,-0.0,-0.0,25.03,hold_price
947,Groceries,0.0,-0.0,-0.0,27.2,hold_price
948,Groceries,0.0,-0.0,-0.0,19.89,hold_price
949,Groceries,0.0,-0.0,-0.0,29.98,hold_price
950,Groceries,0.0,-0.0,-0.0,29.42,hold_price
951,Groceries,0.0,-0.0,-0.0,21.1,hold_price
952,Groceries,0.0,-0.0,-0.0,15.18,hold_price
953,Groceries,0.0,-0.0,-0.0,15.6,hold_price
954,Groceries,0.0,-0.0,-0.0,24.35,hold_price
955,Groceries,0.0,-0.0,-0.0,23.71,hold_price
956,Groceries,0.0,-0.0,-0.0,21.65,hold_price
957,Groceries,0.0,-0.0,-0.0,18.45,hold_price
958,Groceries,0.0,-0.0,-0.0,20.13,hold_price
959,Groceries,0.0,-0.0,-0.0,21.66,hold_price
960,Groceries,0.0,-0.0,-0.0,21.91,hold_price
961,Groceries,0.0,-0.0,-0.0,27.5,hold_price
962,Groceries,0.0,-0.0,-0.0,28.94,hold_price
963,Groceries,0.0,-0.0,-0.0,24.72,hold_price
964,Groceries,0.0,-0.0,-0.0,23.29,hold_price
965,Groceries,0.0,-0.0,-0.0,18.03,hold_price
966,Groceries,0.0,-0.0,-0.0,17.56,hold_price
967,Groceries,0.0,-0.0,-0.0,24.15,hold_price
968,Groceries,0.0,-0.0,-0.0,25.3,hold_price
969,Groceries,0.0,-0.0,-0.0,21.05,hold_price
970,Groceries,0.0,-0.0,-0.0,19.13,hold_price
971,Groceries,0.0,-0.0,-0.0,16.4,hold_price
972,Groceries,0.0,-0.0,-0.0,21.45,hold_price
973,Groceries,0.0,-0.0,-0.0,28.23,hold_price
974,Groceries,0.0,-0.0,-0.0,25.26,hold_price
975,Groceries,0.0,-0.0,-0.0,28.28,hold_price
976,Groceries,0.0,-0.0,-0.0,18.24,hold_price
977,Groceries,0.0,-0.0,-0.0,27.7,hold_price
978,Groceries,0.0,-0.0,-0.0,29.64,hold_price
979,Groceries,0.0,-0.0,-0.0,29.07,hold_price
980,Groceries,0.0,-0.0,-0.0,21.24,hold_price
981,Groceries,0.0,-0.0,-0.0,15.82,hold_price
982,Groceries,0.0,-0.0,-0.0,22.97,hold_price
983,Groceries,0.0,-0.0,-0.0,21.58,hold_price
984,Groceries,0.0,-0.0,-0.0,16.92,hold_price
985,Groceries,0.0,-0.0,-0.0,19.5,hold_price
986,Groceries,0.0,-0.0,-0.0,28.4,hold_price
987,Groceries,0.0,-0.0,-0.0,25.61,hold_price
988,Groceries,0.0,-0.0,-0.0,17.15,hold_price
989,Groceries,0.0,-0.0,-0.0,22.36,hold_price
990,Groceries,0.0,-0.0,-0.0,19.57,hold_price
991,Groceries,0.0,-0.0,-0.0,20.42,hold_price
992,Groceries,0.0,-0.0,-0.0,25.0,hold_price
993,Groceries,0.0,-0.0,-0.0,23.08,hold_price
994,Groceries,0.0,-0.0,-0.0,29.12,hold_price
995,Groceries,0.0,-0.0,-0.0,22.05,hold_price
996,Groceries,0.0,-0.0,-0.0,27.56,hold_price
997,Groceries,0.0,-0.0,-0.0,16.85,hold_price
998,Groceries,0.0,-0.0,-0.0,16.87,hold_price
999,Groceries,0.0,-0.0,-0.0,17.63,hold_price
1000,Groceries,0.0,-0.0,-0.0,22.34,hold_price
1001,Groceries,0.0,-0.0,-0.0,20.61,hold_price
1002,Groceries,0.0,-0.0,-0.0,27.75,hold_price
1003,Groceries,0.0,-0.0,-0.0,28.55,hold_price
1004,Groceries,0.0,-0.0,-0.0,18.79,hold_price
1005,Groceries,0.0,-0.0,-0.0,20.05,hold_price
1006,Groceries,0.0,-0.0,-0.0,17.62,hold_price
1007,Groceries,0.0,-0.0,-0.0,22.82,hold_price
1008,Groceries,0.0,-0.0,-0.0,28.22,hold_price
1009,Groceries,0.0,-0.0,-0.0,26.26,hold_price
1010,Groceries,0.0,-0.0,-0.0,17.98,hold_price
1011,Groceries,0.0,-0.0,-0.0,29.17,hold_price
1012,Groceries,0.0,-0.0,-0.0,23.83,hold_price
1013,Groceries,0.0,-0.0,-0.0,25.52,hold_price
1014,Groceries,0.0,-0.0,-0.0,25.55,hold_price
1015,Groceries,0.0,-0.0,-0.0,27.4,hold_price
1016,Groceries,0.0,-0.0,-0.0,17.89,hold_price
1017,Groceries,0.0,-0.0,-0.0,28.67,hold_price
1018,Groceries,0.0,-0.0,-0.0,15.77,hold_price
1019,Groceries,0.0,-0.0,-0.0,28.94,hold_price
1020,Groceries,0.0,-0.0,-0.0,21.85,hold_price
1021,Groceries,0.0,-0.0,-0.0,16.69,hold_price
1022,Groceries,0.0,-0.0,-0.0,20.7,hold_price
1023,Groceries,0.0,-0.0,-0.0,16.9,hold_price
1024,Groceries,0.0,-0.0,-0.0,25.14,hold_price
1025,Groceries,0.0,-0.0,-0.0,26.21,hold_price
1026,Groceries,0.0,-0.0,-0.0,21.27,hold_price
1027,Groceries,0.0,-0.0,-0.0,25.03,hold_price
1028,Groceries,0.0,-0.0,-0.0,24.79,hold_price
1029,Groceries,0.0,-0.0,-0.0,23.98,hold_price
1030,Groceries,0.0,-0.0,-0.0,28.7,hold_price
1031,Groceries,0.0,-0.0,-0.0,25.2,hold_price
1032,Groceries,0.0,-0.0,-0.0,21.52,hold_price
1033,Groceries,0.0,-0.0,-0.0,17.16,hold_price
1034,Groceries,0.0,-0.0,-0.0,20.19,hold_price
1035,Groceries,0.0,-0.0,-0.0,20.56,hold_price
1036,Groceries,0.0,-0.0,-0.0,18.58,hold_price
1037,Groceries,0.0,-0.0,-0.0,22.54,hold_price
1038,Groceries,0.0,-0.0,-0.0,24.7,hold_price
1039,Groceries,0.0,-0.0,-0.0,27.27,hold_price
1040,Groceries,0.0,-0.0,-0.0,15.17,hold_price
1041,Groceries,0.0,-0.0,-0.0,21.19,hold_price
1042,Groceries,0.0,-0.0,-0.0,28.66,hold_price
1043,Groceries,0.0,-0.0,-0.0,29.11,hold_price
1044,Groceries,0.0,-0.0,-0.0,27.32,hold_price
1045,Groceries,0.0,-0.0,-0.0,19.31,hold_price
1046,Groceries,0.0,-0.0,-0.0,26.03,hold_price
1047,Groceries,0.0,-0.0,-0.0,20.83,hold_price
1048,Groceries,0.0,-0.0,-0.0,25.97,hold_price
1049,Groceries,0.0,-0.0,-0.0,27.31,hold_price
1050,Groceries,0.0,-0.0,-0.0,29.15,hold_price
1051,Groceries,0.0,-0.0,-0.0,16.48,hold_price
1052,Groceries,0.0,-0.0,-0.0,29.7,hold_price
1053,Groceries,0.0,-0.0,-0.0,23.97,hold_price
1054,Groceries,0.0,-0.0,-0.0,27.97,hold_price
1055,Groceries,0.0,-0.0,-0.0,26.84,hold_price
1056,Groceries,0.0,-0.0,-0.0,29.73,hold_price
1057,Groceries,0.0,-0.0,-0.0,20.18,hold_price
1058,Groceries,0.0,-0.0,-0.0,21.89,hold_price
1059,Groceries,0.0,-0.0,-0.0,23.68,hold_price
1060,Groceries,0.0,-0.0,-0.0,16.13,hold_price
1061,Groceries,0.0,-0.0,-0.0,17.37,hold_price
1062,Groceries,0.0,-0.0,-0.0,17.33,hold_price
1063,Groceries,0.0,-0.0,-0.0,18.32,hold_price
1064,Groceries,0.0,-0.0,-0.0,21.85,hold_price
1065,Groceries,0.0,-0.0,-0.0,25.1,hold_price
1066,Groceries,0.0,-0.0,-0.0,24.02,hold_price
1067,Groceries,0.0,-0.0,-0.0,17.44,hold_price
1068,Groceries,0.0,-0.0,-0.0,28.94,hold_price
1069,Groceries,0.0,-0.0,-0.0,24.14,hold_price
1070,Groceries,0.0,-0.0,-0.0,24.71,hold_price
1071,Groceries,0.0,-0.0,-0.0,29.08,hold_price
1072,Groceries,0.0,-0.0,-0.0,28.52,hold_price
1073,Groceries,0.0,-0.0,-0.0,26.25,hold_price
1074,Groceries,0.0,-0.0,-0.0,20.96,hold_price
1075,Groceries,0.0,-0.0,-0.0,28.72,hold_price
1076,Groceries,0.0,-0.0,-0.0,22.79,hold_price
1077,Groceries,0.0,-0.0,-0.0,22.52,hold_price
1078,Groceries,0.0,-0.0,-0.0,27.58,hold_price
1079,Groceries,0.0,-0.0,-0.0,19.71,hold_price
1080,Groceries,0.0,-0.0,-0.0,15.62,hold_price
1081,Groceries,0.0,-0.0,-0.0,21.67,hold_price
1082,Groceries,0.0,-0.0,-0.0,29.15,hold_price
1083,Groceries,0.0,-0.0,-0.0,28.71,hold_price
1084,Groceries,0.0,-0.0,-0.0,23.25,hold_price
1085,Groceries,0.0,-0.0,-0.0,18.24,hold_price
1086,Groceries,0.0,-0.0,-0.0,25.67,hold_price
1087,Groceries,0.0,-0.0,-0.0,18.13,hold_price
1088,Groceries,0.0,-0.0,-0.0,26.72,hold_price
1089,Groceries,0.0,-0.0,-0.0,15.37,hold_price
1090,Groceries,0.0,-0.0,-0.0,25.3,hold_price
1091,Groceries,0.0,-0.0,-0.0,17.72,hold_price
1092,Groceries,0.0,-0.0,-0.0,19.56,hold_price
1093,Groceries,0.0,-0.0,-0.0,23.54,hold_price
1094,Groceries,0.0,-0.0,-0.0,16.25,hold_price
1095,Groceries,0.0,-0.0,-0.0,17.29,hold_price
1096,Groceries,0.0,-0.0,-0.0,15.32,hold_price
1097,Groceries,0.0,-0.0,-0.0,18.99,hold_price
1098,Groceries,0.0,-0.0,-0.0,28.9,hold_price
1099,Groceries,0.0,-0.0,-0.0,15.12,hold_price
1100,Groceries,0.0,-0.0,-0.0,29.19,hold_price
1101,Groceries,0.0,-0.0,-0.0,18.74,hold_price
1102,Groceries,0.0,-0.0,-0.0,23.52,hold_price
1103,Groceries,0.0,-0.0,-0.0,25.64,hold_price
1104,Groceries,0.0,-0.0,-0.0,17.42,hold_price
1105,Groceries,0.0,-0.0,-0.0,27.25,hold_price
1106,Groceries,0.0,-0.0,-0.0,21.84,hold_price
1107,Groceries,0.0,-0.0,-0.0,19.2,hold_price
1108,Groceries,0.0,-0.0,-0.0,26.38,hold_price
1109,Groceries,0.0,-0.0,-0.0,25.39,hold_price
1110,Groceries,0.0,-0.0,-0.0,18.11,hold_price
1111,Groceries,0.0,-0.0,-0.0,23.2,hold_price
1112,Groceries,0.0,-0.0,-0.0,16.91,hold_price
1113,Groceries,0.0,-0.0,-0.0,23.76,hold_price
1114,Groceries,0.0,-0.0,-0.0,24.66,hold_price
1115,Groceries,0.0,-0.0,-0.0,28.42,hold_price
1116,Groceries,0.0,-0.0,-0.0,21.21,hold_price
1117,Groceries,0.0,-0.0,-0.0,23.19,hold_price
1118,Groceries,0.0,-0.0,-0.0,24.77,hold_price
1119,Groceries,0.0,-0.0,-0.0,15.58,hold_price
1120,Groceries,0.0,-0.0,-0.0,21.83,hold_price
1121,Groceries,0.0,-0.0,-0.0,20.21,hold_price
1122,Groceries,0.0,-0.0,-0.0,24.57,hold_price
1123,Groceries,0.0,-0.0,-0.0,21.68,hold_price
1124,Groceries,0.0,-0.0,-0.0,22.49,hold_price
1125,Groceries,0.0,-0.0,-0.0,16.92,hold_price
1126,Groceries,0.0,-0.0,-0.0,22.87,hold_price
1127,Groceries,0.0,-0.0,-0.0,29.87,hold_price
1128,Groceries,0.0,-0.0,-0.0,26.85,hold_price
1129,Groceries,0.0,-0.0,-0.0,16.8,hold_price
1130,Groceries,0.0,-0.0,-0.0,17.04,hold_price
1131,Groceries,0.0,-0.0,-0.0,29.17,hold_price
1132,Groceries,0.0,-0.0,-0.0,21.42,hold_price
1133,Groceries,0.0,-0.0,-0.0,21.91,hold_price
1134,Groceries,0.0,-0.0,-0.0,26.19,hold_price
1135,Groceries,0.0,-0.0,-0.0,18.21,hold_price
1136,Groceries,0.0,-0.0,-0.0,16.68,hold_price
1137,Groceries,0.0,-0.0,-0.0,21.19,hold_price
1138,Groceries,0.0,-0.0,-0.0,24.46,hold_price
1139,Groceries,0.0,-0.0,-0.0,22.24,hold_price
1140,Groceries,0.0,-0.0,-0.0,25.86,hold_price
1141,Groceries,0.0,-0.0,-0.0,29.48,hold_price
1142,Groceries,0.0,-0.0,-0.0,17.49,hold_price
1143,Groceries,0.0,-0.0,-0.0,27.61,hold_price
1144,Groceries,0.0,-0.0,-0.0,17.11,hold_price
1145,Groceries,0.0,-0.0,-0.0,22.92,hold_price
1146,Groceries,0.0,-0.0,-0.0,19.63,hold_price
1147,Groceries,0.0,-0.0,-0.0,23.74,hold_price
1148,Groceries,0.0,-0.0,-0.0,28.9,hold_price
1149,Groceries,0.0,-0.0,-0.0,15.25,hold_price
1150,Groceries,0.0,-0.0,-0.0,23.33,hold_price
1151,Groceries,0.0,-0.0,-0.0,28.76,hold_price
1152,Groceries,0.0,-0.0,-0.0,21.02,hold_price
1153,Groceries,0.0,-0.0,-0.0,25.5,hold_price
1154,Groceries,0.0,-0.0,-0.0,15.22,hold_price
1155,Groceries,0.0,-0.0,-0.0,28.49,hold_price
1156,Groceries,0.0,-0.0,-0.0,25.02,hold_price
1157,Groceries,0.0,-0.0,-0.0,20.79,hold_price
1158,Groceries,0.0,-0.0,-0.0,16.21,hold_price
1159,Groceries,0.0,-0.0,-0.0,15.95,hold_price
1160,Groceries,0.0,-0.0,-0.0,19.92,hold_price
1161,Groceries,0.0,-0.0,-0.0,27.92,hold_price
1162,Groceries,0.0,-0.0,-0.0,26.04,hold_price
1163,Groceries,0.0,-0.0,-0.0,23.55,hold_price
1164,Groceries,0.0,-0.0,-0.0,21.38,hold_price
1165,Groceries,0.0,-0.0,-0.0,17.79,hold_price
1166,Groceries,0.0,-0.0,-0.0,21.66,hold_price
1167,Groceries,0.0,-0.0,-0.0,17.95,hold_price
1168,Groceries,0.0,-0.0,-0.0,19.21,hold_price
1169,Groceries,0.0,-0.0,-0.0,16.32,hold_price
1170,Groceries,0.0,-0.0,-0.0,23.15,hold_price
1171,Groceries,0.0,-0.0,-0.0,28.99,hold_price
1172,Groceries,0.0,-0.0,-0.0,21.02,hold_price
1173,Groceries,0.0,-0.0,-0.0,28.47,hold_price
1174,Groceries,0.0,-0.0,-0.0,20.49,hold_price
1175,Groceries,0.0,-0.0,-0.0,25.52,hold_price
1176,Groceries,0.0,-0.0,-0.0,22.95,hold_price
1177,Groceries,0.0,-0.0,-0.0,27.5,hold_price
1178,Groceries,0.0,-0.0,-0.0,20.94,hold_price
1179,Groceries,0.0,-0.0,-0.0,29.02,hold_price
1180,Groceries,0.0,-0.0,-0.0,29.56,hold_price
1181,Groceries,0.0,-0.0,-0.0,20.05,hold_price
1182,Groceries,0.0,-0.0,-0.0,29.96,hold_price
1183,Groceries,0.0,-0.0,-0.0,21.79,hold_price
1184,Groceries,0.0,-0.0,-0.0,24.38,hold_price
1185,Groceries,0.0,-0.0,-0.0,21.82,hold_price
1186,Groceries,0.0,-0.0,-0.0,17.02,hold_price
1187,Groceries,0.0,-0.0,-0.0,19.01,hold_price
1188,Groceries,0.0,-0.0,-0.0,20.09,hold_price
1189,Groceries,0.0,-0.0,-0.0,17.42,hold_price
1190,Groceries,0.0,-0.0,-0.0,15.92,hold_price
1191,Groceries,0.0,-0.0,-0.0,23.66,hold_price
1192,Groceries,0.0,-0.0,-0.0,22.98,hold_price
1193,Groceries,0.0,-0.0,-0.0,17.2,hold_price
1194,Groceries,0.0,-0.0,-0.0,23.37,hold_price
1195,Groceries,0.0,-0.0,-0.0,24.19,hold_price
1196,Groceries,0.0,-0.0,-0.0,16.19,hold_price
1197,Groceries,0.0,-0.0,-0.0,27.44,hold_price
1198,Groceries,0.0,-0.0,-0.0,29.1,hold_price
1199,Groceries,0.0,-0.0,-0.0,19.89,hold_price
1200,Groceries,0.0,-0.0,-0.0,23.69,hold_price
1201,Home,0.0,-0.0,-0.0,32.98,hold_price
1202,Home,0.0,-0.0,-0.0,47.48,hold_price
1203,Home,0.0,-0.0,-0.0,32.64,hold_price
1204,Home,0.0,-0.0,-0.0,32.32,hold_price
1205,Home,0.0,-0.0,-0.0,39.18,hold_price
1206,Home,0.0,-0.0,-0.0,30.97,hold_price
1207,Home,0.0,-0.0,-0.0,41.76,hold_price
1208,Home,0.0,-0.0,-0.0,41.09,hold_price
1209,Home,0.0,-0.0,-0.0,41.97,hold_price
1210,Home,0.0,-0.0,-0.0,30.28,hold_price
1211,Home,0.0,-0.0,-0.0,46.4,hold_price
1212,Home,0.0,-0.0,-0.0,40.47,hold_price
1213,Home,0.0,-0.0,-0.0,31.6,hold_price
1214,Home,0.0,-0.0,-0.0,33.69,hold_price
1215,Home,0.0,-0.0,-0.0,31.02,hold_price
1216,Home,0.0,-0.0,-0.0,37.66,hold_price
1217,Home,0.0,-0.0,-0.0,30.15,hold_price
1218,Home,0.0,-0.0,-0.0,40.41,hold_price
1219,Home,0.0,-0.0,-0.0,49.2,hold_price
1220,Home,0.0,-0.0,-0.0,40.83,hold_price
1221,Home,0.0,-0.0,-0.0,48.92,hold_price
1222,Home,0.0,-0.0,-0.0,49.68,hold_price
1223,Home,0.0,-0.0,-0.0,43.61,hold_price
1224,Home,0.0,-0.0,-0.0,43.81,hold_price
1225,Home,0.0,-0.0,-0.0,48.55,hold_price
1226,Home,0.0,-0.0,-0.0,30.08,hold_price
1227,Home,0.0,-0.0,-0.0,38.22,hold_price
1228,Home,0.0,-0.0,-0.0,30.44,hold_price
1229,Home,0.0,-0.0,-0.0,49.34,hold_price
1230,Home,0.0,-0.0,-0.0,31.02,hold_price
1231,Home,0.0,-0.0,-0.0,40.94,hold_price
1232,Home,0.0,-0.0,-0.0,35.6,hold_price
1233,Home,0.0,-0.0,-0.0,36.5,hold_price
1234,Home,0.0,-0.0,-0.0,37.98,hold_price
1235,Home,0.0,-0.0,-0.0,33.62,hold_price
1236,Home,0.0,-0.0,-0.0,35.45,hold_price
1237,Home,0.0,-0.0,-0.0,40.44,hold_price
1238,Home,0.0,-0.0,-0.0,49.14,hold_price
1239,Home,0.0,-0.0,-0.0,39.19,hold_price
1240,Home,0.0,-0.0,-0.0,32.7,hold_price
1241,Home,0.0,-0.0,-0.0,30.22,hold_price
1242,Home,0.0,-0.0,-0.0,49.83,hold_price
1243,Home,0.0,-0.0,-0.0,39.67,hold_price
1244,Home,0.0,-0.0,-0.0,34.88,hold_price
1245,Home,0.0,-0.0,-0.0,36.3,hold_price
1246,Home,0.0,-0.0,-0.0,46.55,hold_price
1247,Home,0.0,-0.0,-0.0,30.87,hold_price
1248,Home,0.0,-0.0,-0.0,41.35,hold_price
1249,Home,0.0,-0.0,-0.0,32.61,hold_price
1250,Home,0.0,-0.0,-0.0,38.38,hold_price
1251,Home,0.0,-0.0,-0.0,35.76,hold_price
1252,Home,0.0,-0.0,-0.0,35.71,hold_price
1253,Home,0.0,-0.0,-0.0,48.83,hold_price
1254,Home,0.0,-0.0,-0.0,30.62,hold_price
1255,Home,0.0,-0.0,-0.0,40.43,hold_price
1256,Home,0.0,-0.0,-0.0,39.89,hold_price
1257,Home,0.0,-0.0,-0.0,41.94,hold_price
1258,Home,0.0,-0.0,-0.0,35.91,hold_price
1259,Home,0.0,-0.0,-0.0,33.29,hold_price
1260,Home,0.0,-0.0,-0.0,41.1,hold_price
1261,Home,0.0,-0.0,-0.0,46.64,hold_price
1262,Home,0.0,-0.0,-0.0,44.3,hold_price
1263,Home,0.0,-0.0,-0.0,37.18,hold_price
1264,Home,0.0,-0.0,-0.0,35.87,hold_price
1265,Home,0.0,-0.0,-0.0,44.14,hold_price
1266,Home,0.0,-0.0,-0.0,47.72,hold_price
1267,Home,0.0,-0.0,-0.0,44.71,hold_price
1268,Home,0.0,-0.0,-0.0,30.99,hold_price
1269,Home,0.0,-0.0,-0.0,48.09,hold_price
1270,Home,0.0,-0.0,-0.0,38.33,hold_price
1271,Home,0.0,-0.0,-0.0,30.81,hold_price
1272,Home,0.0,-0.0,-0.0,49.53,hold_price
1273,Home,0.0,-0.0,-0.0,45.64,hold_price
1274,Home,0.0,-0.0,-0.0,31.09,hold_price
1275,Home,0.0,-0.0,-0.0,38.56,hold_price
1276,Home,0.0,-0.0,-0.0,37.34,hold_price
1277,Home,0.0,-0.0,-0.0,36.26,hold_price
1278,Home,0.0,-0.0,-0.0,30.14,hold_price
1279,Home,0.0,-0.0,-0.0,36.48,hold_price
1280,Home,0.0,-0.0,-0.0,42.83,hold_price
1281,Home,0.0,-0.0,-0.0,39.71,hold_price
1282,Home,0.0,-0.0,-0.0,46.18,hold_price
1283,Home,0.0,-0.0,-0.0,47.17,hold_price
1284,Home,0.0,-0.0,-0.0,32.93,hold_price
1285,Home,0.0,-0.0,-0.0,31.08,hold_price
1286,Home,0.0,-0.0,-0.0,36.12,hold_price
1287,Home,0.0,-0.0,-0.0,30.11,hold_price
1288,Home,0.0,-0.0,-0.0,43.65,hold_price
1289,Home,0.0,-0.0,-0.0,36.26,hold_price
1290,Home,0.0,-0.0,-0.0,41.96,hold_price
1291,Home,0.0,-0.0,-0.0,33.38,hold_price
1292,Home,0.0,-0.0,-0.0,46.98,hold_price
1293,Home,0.0,-0.0,-0.0,43.53,hold_price
1294,Home,0.0,-0.0,-0.0,41.56,hold_price
1295,Home,0.0,-0.0,-0.0,46.57,hold_price
1296,Home,0.0,-0.0,-0.0,38.04,hold_price
1297,Home,0.0,-0.0,-0.0,47.58,hold_price
1298,Home,0.0,-0.0,-0.0,47.73,hold_price
1299,Home,0.0,-0.0,-0.0,35.41,hold_price
1300,Home,0.0,-0.0,-0.0,45.51,hold_price
1301,Home,0.0,-0.0,-0.0,49.51,hold_price
1302,Home,0.0,-0.0,-0.0,33.34,hold_price
1303,Home,0.0,-0.0,-0.0,31.26,hold_price
1304,Home,0.0,-0.0,-0.0,43.26,hold_price
1305,Home,0.0,-0.0,-0.0,45.7,hold_price
1306,Home,0.0,-0.0,-0.0,42.97,hold_price
1307,Home,0.0,-0.0,-0.0,35.13,hold_price
1308,Home,0.0,-0.0,-0.0,36.42,hold_price
1309,Home,0.0,-0.0,-0.0,48.41,hold_price
1310,Home,0.0,-0.0,-0.0,39.57,hold_price
1311,Home,0.0,-0.0,-0.0,41.07,hold_price
1312,Home,0.0,-0.0,-0.0,31.36,hold_price
1313,Home,0.0,-0.0,-0.0,44.11,hold_price
1314,Home,0.0,-0.0,-0.0,31.46,hold_price
1315,Home,0.0,-0.0,-0.0,32.21,hold_price
1316,Home,0.0,-0.0,-0.0,34.65,hold_price
1317,Home,0.0,-0.0,-0.0,42.49,hold_price
1318,Home,0.0,-0.0,-0.0,43.73,hold_price
1319,Home,0.0,-0.0,-0.0,45.46,hold_price
1320,Home,0.0,-0.0,-0.0,30.75,hold_price
1321,Home,0.0,-0.0,-0.0,35.59,hold_price
1322,Home,0.0,-0.0,-0.0,37.97,hold_price
1323,Home,0.0,-0.0,-0.0,40.69,hold_price
1324,Home,0.0,-0.0,-0.0,49.08,hold_price
1325,Home,0.0,-0.0,-0.0,30.01,hold_price
1326,Home,0.0,-0.0,-0.0,40.76,hold_price
1327,Home,0.0,-0.0,-0.0,38.34,hold_price
1328,Home,0.0,-0.0,-0.0,39.86,hold_price
1329,Home,0.0,-0.0,-0.0,49.06,hold_price
1330,Home,0.0,-0.0,-0.0,36.4,hold_price
1331,Home,0.0,-0.0,-0.0,32.48,hold_price
1332,Home,0.0,-0.0,-0.0,33.8,hold_price
1333,Home,0.0,-0.0,-0.0,31.56,hold_price
1334,Home,0.0,-0.0,-0.0,47.19,hold_price
1335,Home,0.0,-0.0,-0.0,30.26,hold_price
1336,Home,0.0,-0.0,-0.0,40.05,hold_price
1337,Home,0.0,-0.0,-0.0,49.62,hold_price
1338,Home,0.0,-0.0,-0.0,37.54,hold_price
1339,Home,0.0,-0.0,-0.0,33.88,hold_price
1340,Home,0.0,-0.0,-0.0,43.1,hold_price
1341,Home,0.0,-0.0,-0.0,32.37,hold_price
1342,Home,0.0,-0.0,-0.0,38.27,hold_price
1343,Home,0.0,-0.0,-0.0,49.07,hold_price
1344,Home,0.0,-0.0,-0.0,33.58,hold_price
1345,Home,0.0,-0.0,-0.0,40.07,hold_price
1346,Home,0.0,-0.0,-0.0,42.4,hold_price
1347,Home,0.0,-0.0,-0.0,42.57,hold_price
1348,Home,0.0,-0.0,-0.0,40.62,hold_price
1349,Home,0.0,-0.0,-0.0,46.16,hold_price
1350,Home,0.0,-0.0,-0.0,43.43,hold_price
1351,Home,0.0,-0.0,-0.0,46.29,hold_price
1352,Home,0.0,-0.0,-0.0,49.36,hold_price
1353,Home,0.0,-0.0,-0.0,42.02,hold_price
1354,Home,0.0,-0.0,-0.0,33.86,hold_price
1355,Home,0.0,-0.0,-0.0,37.56,hold_price
1356,Home,0.0,-0.0,-0.0,43.68,hold_price
1357,Home,0.0,-0.0,-0.0,44.5,hold_price
1358,Home,0.0,-0.0,-0.0,31.61,hold_price
1359,Home,0.0,-0.0,-0.0,46.98,hold_price
1360,Home,0.0,-0.0,-0.0,36.16,hold_price
1361,Home,0.0,-0.0,-0.0,49.32,hold_price
1362,Home,0.0,-0.0,-0.0,38.88,hold_price
1363,Home,0.0,-0.0,-0.0,33.91,hold_price
1364,Home,0.0,-0.0,-0.0,34.02,hold_price
1365,Home,0.0,-0.0,-0.0,49.04,hold_price
1366,Home,0.0,-0.0,-0.0,36.28,hold_price
1367,Home,0.0,-0.0,-0.0,44.88,hold_price
1368,Home,0.0,-0.0,-0.0,36.84,hold_price
1369,Home,0.0,-0.0,-0.0,39.78,hold_price
1370,Home,0.0,-0.0,-0.0,41.38,hold_price
1371,Home,0.0,-0.0,-0.0,36.84,hold_price
1372,Home,0.0,-0.0,-0.0,37.27,hold_price
1373,Home,0.0,-0.0,-0.0,42.46,hold_price
1374,Home,0.0,-0.0,-0.0,38.92,hold_price
1375,Home,0.0,-0.0,-0.0,37.75,hold_price
1376,Home,0.0,-0.0,-0.0,39.61,hold_price
1377,Home,0.0,-0.0,-0.0,41.94,hold_price
1378,Home,0.0,-0.0,-0.0,37.59,hold_price
1379,Home,0.0,-0.0,-0.0,37.92,hold_price
1380,Home,0.0,-0.0,-0.0,47.96,hold_price
1381,Home,0.0,-0.0,-0.0,35.04,hold_price
1382,Home,0.0,-0.0,-0.0,34.12,hold_price
1383,Home,0.0,-0.0,-0.0,37.18,hold_price
1384,Home,0.0,-0.0,-0.0,41.01,hold_price
1385,Home,0.0,-0.0,-0.0,42.01,hold_price
1386,Home,0.0,-0.0,-0.0,38.36,hold_price
1387,Home,0.0,-0.0,-0.0,40.31,hold_price
1388,Home,0.0,-0.0,-0.0,36.55,hold_price
1389,Home,0.0,-0.0,-0.0,39.47,hold_price
1390,Home,0.0,-0.0,-0.0,31.76,hold_price
1391,Home,0.0,-0.0,-0.0,38.61,hold_price
1392,Home,0.0,-0.0,-0.0,40.71,hold_price
1393,Home,0.0,-0.0,-0.0,40.36,hold_price
1394,Home,0.0,-0.0,-0.0,47.16,hold_price
1395,Home,0.0,-0.0,-0.0,35.3,hold_price
1396,Home,0.0,-0.0,-0.0,31.85,hold_price
1397,Home,0.0,-0.0,-0.0,32.03,hold_price
1398,Home,0.0,-0.0,-0.0,31.15,hold_price
1399,Home,0.0,-0.0,-0.0,44.23,hold_price
1400,Home,0.0,-0.0,-0.0,32.48,hold_price
1401,Home,0.0,-0.0,-0.0,33.68,hold_price
1402,Home,0.0,-0.0,-0.0,30.49,hold_price
1403,Home,0.0,-0.0,-0.0,35.59,hold_price
1404,Home,0.0,-0.0,-0.0,46.26,hold_price
1405,Home,0.0,-0.0,-0.0,40.13,hold_price
1406,Home,0.0,-0.0,-0.0,32.74,hold_price
1407,Home,0.0,-0.0,-0.0,44.74,hold_price
1408,Home,0.0,-0.0,-0.0,47.05,hold_price
1409,Home,0.0,-0.0,-0.0,31.26,hold_price
1410,Home,0.0,-0.0,-0.0,36.75,hold_price
1411,Home,0.0,-0.0,-0.0,39.67,hold_price
1412,Home,0.0,-0.0,-0.0,32.12,hold_price
1413,Home,0.0,-0.0,-0.0,40.1,hold_price
1414,Home,0.0,-0.0,-0.0,41.54,hold_price
1415,Home,0.0,-0.0,-0.0,38.5,hold_price
1416,Home,0.0,-0.0,-0.0,35.25,hold_price
1417,Home,0.0,-0.0,-0.0,38.97,hold_price
1418,Home,0.0,-0.0,-0.0,36.65,hold_price
1419,Home,0.0,-0.0,-0.0,38.09,hold_price
1420,Home,0.0,-0.0,-0.0,41.29,hold_price
1421,Home,0.0,-0.0,-0.0,35.71,hold_price
1422,Home,0.0,-0.0,-0.0,39.64,hold_price
1423,Home,0.0,-0.0,-0.0,38.37,hold_price
1424,Home,0.0,-0.0,-0.0,42.21,hold_price
1425,Home,0.0,-0.0,-0.0,47.04,hold_price
1426,Home,0.0,-0.0,-0.0,31.99,hold_price
1427,Home,0.0,-0.0,-0.0,37.54,hold_price
1428,Home,0.0,-0.0,-0.0,37.9,hold_price
1429,Home,0.0,-0.0,-0.0,41.63,hold_price
1430,Home,0.0,-0.0,-0.0,47.59,hold_price
1431,Home,0.0,-0.0,-0.0,42.47,hold_price
1432,Home,0.0,-0.0,-0.0,39.53,hold_price
1433,Home,0.0,-0.0,-0.0,33.68,hold_price
1434,Home,0.0,-0.0,-0.0,43.91,hold_price
1435,Home,0.0,-0.0,-0.0,39.01,hold_price
1436,Home,0.0,-0.0,-0.0,46.94,hold_price
1437,Home,0.0,-0.0,-0.0,45.38,hold_price
1438,Home,0.0,-0.0,-0.0,30.17,hold_price
1439,Home,0.0,-0.0,-0.0,30.75,hold_price
1440,Home,0.0,-0.0,-0.0,42.69,hold_price
1441,Home,0.0,-0.0,-0.0,48.71,hold_price
1442,Home,0.0,-0.0,-0.0,46.26,hold_price
1443,Home,0.0,-0.0,-0.0,42.57,hold_price
1444,Home,0.0,-0.0,-0.0,34.1,hold_price
1445,Home,0.0,-0.0,-0.0,34.84,hold_price
1446,Home,0.0,-0.0,-0.0,48.37,hold_price
1447,Home,0.0,-0.0,-0.0,34.78,hold_price
1448,Home,0.0,-0.0,-0.0,47.01,hold_price
1449,Home,0.0,-0.0,-0.0,43.07,hold_price
1450,Home,0.0,-0.0,-0.0,39.78,hold_price
1451,Home,0.0,-0.0,-0.0,34.57,hold_price
1452,Home,0.0,-0.0,-0.0,39.48,hold_price
1453,Home,0.0,-0.0,-0.0,31.15,hold_price
1454,Home,0.0,-0.0,-0.0,30.33,hold_price
1455,Home,0.0,-0.0,-0.0,41.7,hold_price
1456,Home,0.0,-0.0,-0.0,43.23,hold_price
1457,Home,0.0,-0.0,-0.0,48.2,hold_price
1458,Home,0.0,-0.0,-0.0,45.96,hold_price
1459,Home,0.0,-0.0,-0.0,35.9,hold_price
1460,Home,0.0,-0.0,-0.0,31.67,hold_price
1461,Home,0.0,-0.0,-0.0,31.38,hold_price
1462,Home,0.0,-0.0,-0.0,34.08,hold_price
1463,Home,0.0,-0.0,-0.0,49.43,hold_price
1464,Home,0.0,-0.0,-0.0,39.39,hold_price
1465,Home,0.0,-0.0,-0.0,33.85,hold_price
1466,Home,0.0,-0.0,-0.0,49.46,hold_price
1467,Home,0.0,-0.0,-0.0,36.65,hold_price
1468,Home,0.0,-0.0,-0.0,49.76,hold_price
1469,Home,0.0,-0.0,-0.0,47.83,hold_price
1470,Home,0.0,-0.0,-0.0,49.67,hold_price
1471,Home,0.0,-0.0,-0.0,44.41,hold_price
1472,Home,0.0,-0.0,-0.0,30.94,hold_price
1473,Home,0.0,-0.0,-0.0,38.29,hold_price
1474,Home,0.0,-0.0,-0.0,30.21,hold_price
1475,Home,0.0,-0.0,-0.0,49.73,hold_price
1476,Home,0.0,-0.0,-0.0,48.18,hold_price
1477,Home,0.0,-0.0,-0.0,48.54,hold_price
1478,Home,0.0,-0.0,-0.0,47.81,hold_price
1479,Home,0.0,-0.0,-0.0,35.65,hold_price
1480,Home,0.0,-0.0,-0.0,49.97,hold_price
1481,Home,0.0,-0.0,-0.0,31.65,hold_price
1482,Home,0.0,-0.0,-0.0,40.21,hold_price
1483,Home,0.0,-0.0,-0.0,47.39,hold_price
1484,Home,0.0,-0.0,-0.0,48.19,hold_price
1485,Home,0.0,-0.0,-0.0,48.97,hold_price
1486,Home,0.0,-0.0,-0.0,45.76,hold_price
1487,Home,0.0,-0.0,-0.0,43.86,hold_price
1488,Home,0.0,-0.0,-0.0,35.75,hold_price
1489,Home,0.0,-0.0,-0.0,31.94,hold_price
1490,Home,0.0,-0.0,-0.0,39.97,hold_price
1491,Home,0.0,-0.0,-0.0,32.08,hold_price
1492,Home,0.0,-0.0,-0.0,43.35,hold_price
1493,Home,0.0,-0.0,-0.0,46.34,hold_price
1494,Home,0.0,-0.0,-0.0,38.64,hold_price
1495,Home,0.0,-0.0,-0.0,41.53,hold_price
1496,Home,0.0,-0.0,-0.0,34.77,hold_price
1497,Home,0.0,-0.0,-0.0,35.22,hold_price
1498,Home,0.0,-0.0,-0.0,46.9,hold_price
1499,Home,0.0,-0.0,-0.0,32.79,hold_price
1500,Home,0.0,-0.0,-0.0,41.66,hold_price
1501,Home,0.0,-0.0,-0.0,39.15,hold_price
1502,Home,0.0,-0.0,-0.0,32.49,hold_price
1503,Home,0.0,-0.0,-0.0,40.28,hold_price
1504,Home,0.0,-0.0,-0.0,47.78,hold_price
1505,Home,0.0,-0.0,-0.0,35.33,hold_price
1506,Home,0.0,-0.0,-0.0,30.98,hold_price
1507,Home,0.0,-0.0,-0.0,30.96,hold_price
1508,Home,0.0,-0.0,-0.0,30.14,hold_price
1509,Home,0.0,-0.0,-0.0,45.59,hold_price
1510,Home,0.0,-0.0,-0.0,38.1,hold_price
1511,Home,0.0,-0.0,-0.0,31.77,hold_price
1512,Home,0.0,-0.0,-0.0,44.79,hold_price
1513,Home,0.0,-0.0,-0.0,46.3,hold_price
1514,Home,0.0,-0.0,-0.0,48.76,hold_price
1515,Home,0.0,-0.0,-0.0,33.98,hold_price
1516,Home,0.0,-0.0,-0.0,32.51,hold_price
1517,Home,0.0,-0.0,-0.0,38.22,hold_price
1518,Home,0.0,-0.0,-0.0,37.33,hold_price
1519,Home,0.0,-0.0,-0.0,38.89,hold_price
1520,Home,0.0,-0.0,-0.0,40.12,hold_price
1521,Home,0.0,-0.0,-0.0,30.25,hold_price
1522,Home,0.0,-0.0,-0.0,31.22,hold_price
1523,Home,0.0,-0.0,-0.0,38.19,hold_price
1524,Home,0.0,-0.0,-0.0,45.32,hold_price
1525,Home,0.0,-0.0,-0.0,38.92,hold_price
1526,Home,0.0,-0.0,-0.0,31.05,hold_price
1527,Home,0.0,-0.0,-0.0,40.63,hold_price
1528,Home,0.0,-0.0,-0.0,38.62,hold_price
1529,Home,0.0,-0.0,-0.0,36.68,hold_price
1530,Home,0.0,-0.0,-0.0,42.64,hold_price
1531,Home,0.0,-0.0,-0.0,34.64,hold_price
1532,Home,0.0,-0.0,-0.0,32.49,hold_price
1533,Home,0.0,-0.0,-0.0,38.93,hold_price
1534,Home,0.0,-0.0,-0.0,33.27,hold_price
1535,Home,0.0,-0.0,-0.0,42.57,hold_price
1536,Home,0.0,-0.0,-0.0,41.55,hold_price
1537,Home,0.0,-0.0,-0.0,40.58,hold_price
1538,Home,0.0,-0.0,-0.0,39.98,hold_price
1539,Home,0.0,-0.0,-0.0,49.98,hold_price
1540,Home,0.0,-0.0,-0.0,40.48,hold_price
1541,Home,0.0,-0.0,-0.0,48.21,hold_price
1542,Home,0.0,-0.0,-0.0,44.85,hold_price
1543,Home,0.0,-0.0,-0.0,42.43,hold_price
1544,Home,0.0,-0.0,-0.0,32.67,hold_price
1545,Home,0.0,-0.0,-0.0,46.7,hold_price
1546,Home,0.0,-0.0,-0.0,35.5,hold_price
1547,Home,0.0,-0.0,-0.0,49.95,hold_price
1548,Home,0.0,-0.0,-0.0,30.49,hold_price
1549,Home,0.0,-0.0,-0.0,46.73,hold_price
1550,Home,0.0,-0.0,-0.0,43.62,hold_price
1551,Home,0.0,-0.0,-0.0,40.78,hold_price
1552,Home,0.0,-0.0,-0.0,38.78,hold_price
1553,Home,0.0,-0.0,-0.0,31.28,hold_price
1554,Home,0.0,-0.0,-0.0,38.54,hold_price
1555,Home,0.0,-0.0,-0.0,35.5,hold_price
1556,Home,0.0,-0.0,-0.0,49.45,hold_price
1557,Home,0.0,-0.0,-0.0,37.11,hold_price
1558,Home,0.0,-0.0,-0.0,44.31,hold_price
1559,Home,0.0,-0.0,-0.0,32.51,hold_price
1560,Home,0.0,-0.0,-0.0,32.76,hold_price
1561,Home,0.0,-0.0,-0.0,43.41,hold_price
1562,Home,0.0,-0.0,-0.0,32.74,hold_price
1563,Home,0.0,-0.0,-0.0,38.92,hold_price
1564,Home,0.0,-0.0,-0.0,30.5,hold_price
1565,Home,0.0,-0.0,-0.0,42.64,hold_price
1566,Home,0.0,-0.0,-0.0,45.12,hold_price
1567,Home,0.0,-0.0,-0.0,33.69,hold_price
1568,Home,0.0,-0.0,-0.0,30.96,hold_price
1569,Home,0.0,-0.0,-0.0,35.68,hold_price
1570,Home,0.0,-0.0,-0.0,44.7,hold_price
1571,Home,0.0,-0.0,-0.0,44.83,hold_price
1572,Home,0.0,-0.0,-0.0,37.05,hold_price
1573,Home,0.0,-0.0,-0.0,43.53,hold_price
1574,Home,0.0,-0.0,-0.0,42.57,hold_price
1575,Home,0.0,-0.0,-0.0,46.25,hold_price
1576,Home,0.0,-0.0,-0.0,45.63,hold_price
1577,Home,0.0,-0.0,-0.0,31.12,hold_price
1578,Home,0.0,-0.0,-0.0,35.72,hold_price
1579,Home,0.0,-0.0,-0.0,49.16,hold_price
1580,Home,0.0,-0.0,-0.0,33.33,hold_price
1581,Home,0.0,-0.0,-0.0,39.66,hold_price
1582,Home,0.0,-0.0,-0.0,34.45,hold_price
1583,Home,0.0,-0.0,-0.0,47.9,hold_price
1584,Home,0.0,-0.0,-0.0,45.1,hold_price
1585,Home,0.0,-0.0,-0.0,38.11,hold_price
1586,Home,0.0,-0.0,-0.0,35.89,hold_price
1587,Home,0.0,-0.0,-0.0,35.05,hold_price
1588,Home,0.0,-0.0,-0.0,47.91,hold_price
1589,Home,0.0,-0.0,-0.0,33.37,hold_price
1590,Home,0.0,-0.0,-0.0,48.92,hold_price
1591,Home,0.0,-0.0,-0.0,33.77,hold_price
1592,Home,0.0,-0.0,-0.0,40.29,hold_price
1593,Home,0.0,-0.0,-0.0,38.47,hold_price
1594,Home,0.0,-0.0,-0.0,31.95,hold_price
1595,Home,0.0,-0.0,-0.0,46.43,hold_price
1596,Home,0.0,-0.0,-0.0,34.59,hold_price
1597,Home,0.0,-0.0,-0.0,35.32,hold_price
1598,Home,0.0,-0.0,-0.0,40.21,hold_price
1599,Home,0.0,-0.0,-0.0,36.83,hold_price
1600,Home,0.0,-0.0,-0.0,39.33,hold_price
1601,Beauty,0.0,-0.0,-0.0,52.64,hold_price
1602,Beauty,0.0,-0.0,-0.0,54.46,hold_price
1603,Beauty,0.0,-0.0,-0.0,58.97,hold_price
1604,Beauty,0.0,-0.0,-0.0,65.25,hold_price
1605,Beauty,0.0,-0.0,-0.0,69.05,hold_price
1606,Beauty,0.0,-0.0,-0.0,59.48,hold_price
1607,Beauty,0.0,-0.0,-0.0,50.07,hold_price
1608,Beauty,0.0,-0.0,-0.0,64.39,hold_price
1609,Beauty,0.0,-0.0,-0.0,59.16,hold_price
1610,Beauty,0.0,-0.0,-0.0,68.7,hold_price
1611,Beauty,0.0,-0.0,-0.0,53.48,hold_price
1612,Beauty,0.0,-0.0,-0.0,55.39,hold_price
1613,Beauty,0.0,-0.0,-0.0,51.53,hold_price
1614,Beauty,0.0,-0.0,-0.0,51.69,hold_price
1615,Beauty,0.0,-0.0,-0.0,69.77,hold_price
1616,Beauty,0.0,-0.0,-0.0,64.71,hold_price
1617,Beauty,0.0,-0.0,-0.0,66.32,hold_price
1618,Beauty,0.0,-0.0,-0.0,56.82,hold_price
1619,Beauty,0.0,-0.0,-0.0,53.33,hold_price
1620,Beauty,0.0,-0.0,-0.0,55.63,hold_price
1621,Beauty,0.0,-0.0,-0.0,64.55,hold_price
1622,Beauty,0.0,-0.0,-0.0,59.66,hold_price
1623,Beauty,0.0,-0.0,-0.0,69.67,hold_price
1624,Beauty,0.0,-0.0,-0.0,51.41,hold_price
1625,Beauty,0.0,-0.0,-0.0,62.72,hold_price
1626,Beauty,0.0,-0.0,-0.0,67.82,hold_price
1627,Beauty,0.0,-0.0,-0.0,54.98,hold_price
1628,Beauty,0.0,-0.0,-0.0,62.52,hold_price
1629,Beauty,0.0,-0.0,-0.0,54.73,hold_price
1630,Beauty,0.0,-0.0,-0.0,56.4,hold_price
1631,Beauty,0.0,-0.0,-0.0,53.85,hold_price
1632,Beauty,0.0,-0.0,-0.0,65.26,hold_price
1633,Beauty,0.0,-0.0,-0.0,61.78,hold_price
1634,Beauty,0.0,-0.0,-0.0,58.53,hold_price
1635,Beauty,0.0,-0.0,-0.0,64.64,hold_price
1636,Beauty,0.0,-0.0,-0.0,58.81,hold_price
1637,Beauty,0.0,-0.0,-0.0,61.96,hold_price
1638,Beauty,0.0,-0.0,-0.0,58.96,hold_price
1639,Beauty,0.0,-0.0,-0.0,62.55,hold_price
1640,Beauty,0.0,-0.0,-0.0,59.71,hold_price
1641,Beauty,0.0,-0.0,-0.0,68.09,hold_price
1642,Beauty,0.0,-0.0,-0.0,59.85,hold_price
1643,Beauty,0.0,-0.0,-0.0,54.91,hold_price
1644,Beauty,0.0,-0.0,-0.0,60.85,hold_price
1645,Beauty,0.0,-0.0,-0.0,58.94,hold_price
1646,Beauty,0.0,-0.0,-0.0,59.41,hold_price
1647,Beauty,0.0,-0.0,-0.0,68.65,hold_price
1648,Beauty,0.0,-0.0,-0.0,69.69,hold_price
1649,Beauty,0.0,-0.0,-0.0,69.3,hold_price
1650,Beauty,0.0,-0.0,-0.0,54.9,hold_price
1651,Beauty,0.0,-0.0,-0.0,50.09,hold_price
1652,Beauty,0.0,-0.0,-0.0,60.18,hold_price
1653,Beauty,0.0,-0.0,-0.0,54.41,hold_price
1654,Beauty,0.0,-0.0,-0.0,54.24,hold_price
1655,Beauty,0.0,-0.0,-0.0,68.48,hold_price
1656,Beauty,0.0,-0.0,-0.0,56.83,hold_price
1657,Beauty,0.0,-0.0,-0.0,66.51,hold_price
1658,Beauty,0.0,-0.0,-0.0,65.8,hold_price
1659,Beauty,0.0,-0.0,-0.0,62.64,hold_price
1660,Beauty,0.0,-0.0,-0.0,52.68,hold_price
1661,Beauty,0.0,-0.0,-0.0,52.78,hold_price
1662,Beauty,0.0,-0.0,-0.0,63.45,hold_price
1663,Beauty,0.0,-0.0,-0.0,66.51,hold_price
1664,Beauty,0.0,-0.0,-0.0,66.09,hold_price
1665,Beauty,0.0,-0.0,-0.0,53.66,hold_price
1666,Beauty,0.0,-0.0,-0.0,69.29,hold_price
1667,Beauty,0.0,-0.0,-0.0,50.89,hold_price
1668,Beauty,0.0,-0.0,-0.0,50.29,hold_price
1669,Beauty,0.0,-0.0,-0.0,50.27,hold_price
1670,Beauty,0.0,-0.0,-0.0,59.98,hold_price
1671,Beauty,0.0,-0.0,-0.0,65.33,hold_price
1672,Beauty,0.0,-0.0,-0.0,62.98,hold_price
1673,Beauty,0.0,-0.0,-0.0,62.26,hold_price
1674,Beauty,0.0,-0.0,-0.0,60.37,hold_price
1675,Beauty,0.0,-0.0,-0.0,55.07,hold_price
1676,Beauty,0.0,-0.0,-0.0,60.04,hold_price
1677,Beauty,0.0,-0.0,-0.0,66.3,hold_price
1678,Beauty,0.0,-0.0,-0.0,50.0,hold_price
1679,Beauty,0.0,-0.0,-0.0,64.38,hold_price
1680,Beauty,0.0,-0.0,-0.0,68.06,hold_price
1681,Beauty,0.0,-0.0,-0.0,54.72,hold_price
1682,Beauty,0.0,-0.0,-0.0,52.54,hold_price
1683,Beauty,0.0,-0.0,-0.0,55.83,hold_price
1684,Beauty,0.0,-0.0,-0.0,65.17,hold_price
1685,Beauty,0.0,-0.0,-0.0,68.73,hold_price
1686,Beauty,0.0,-0.0,-0.0,60.71,hold_price
1687,Beauty,0.0,-0.0,-0.0,56.82,hold_price
1688,Beauty,0.0,-0.0,-0.0,58.07,hold_price
1689,Beauty,0.0,-0.0,-0.0,68.35,hold_price
1690,Beauty,0.0,-0.0,-0.0,61.15,hold_price
1691,Beauty,0.0,-0.0,-0.0,52.12,hold_price
1692,Beauty,0.0,-0.0,-0.0,56.14,hold_price
1693,Beauty,0.0,-0.0,-0.0,51.63,hold_price
1694,Beauty,0.0,-0.0,-0.0,56.57,hold_price
1695,Beauty,0.0,-0.0,-0.0,55.52,hold_price
1696,Beauty,0.0,-0.0,-0.0,63.29,hold_price
1697,Beauty,0.0,-0.0,-0.0,56.77,hold_price
1698,Beauty,0.0,-0.0,-0.0,64.82,hold_price
1699,Beauty,0.0,-0.0,-0.0,63.66,hold_price
1700,Beauty,0.0,-0.0,-0.0,52.54,hold_price
1701,Beauty,0.0,-0.0,-0.0,53.95,hold_price
1702,Beauty,0.0,-0.0,-0.0,68.47,hold_price
1703,Beauty,0.0,-0.0,-0.0,59.87,hold_price
1704,Beauty,0.0,-0.0,-0.0,60.56,hold_price
1705,Beauty,0.0,-0.0,-0.0,69.91,hold_price
1706,Beauty,0.0,-0.0,-0.0,52.31,hold_price
1707,Beauty,0.0,-0.0,-0.0,67.59,hold_price
1708,Beauty,0.0,-0.0,-0.0,62.41,hold_price
1709,Beauty,0.0,-0.0,-0.0,52.24,hold_price
1710,Beauty,0.0,-0.0,-0.0,59.43,hold_price
1711,Beauty,0.0,-0.0,-0.0,52.36,hold_price
1712,Beauty,0.0,-0.0,-0.0,58.09,hold_price
1713,Beauty,0.0,-0.0,-0.0,63.44,hold_price
1714,Beauty,0.0,-0.0,-0.0,60.1,hold_price
1715,Beauty,0.0,-0.0,-0.0,64.47,hold_price
1716,Beauty,0.0,-0.0,-0.0,56.01,hold_price
1717,Beauty,0.0,-0.0,-0.0,51.24,hold_price
1718,Beauty,0.0,-0.0,-0.0,51.12,hold_price
1719,Beauty,0.0,-0.0,-0.0,62.51,hold_price
1720,Beauty,0.0,-0.0,-0.0,67.71,hold_price
1721,Beauty,0.0,-0.0,-0.0,53.94,hold_price
1722,Beauty,0.0,-0.0,-0.0,52.33,hold_price
1723,Beauty,0.0,-0.0,-0.0,50.31,hold_price
1724,Beauty,0.0,-0.0,-0.0,63.95,hold_price
1725,Beauty,0.0,-0.0,-0.0,52.82,hold_price
1726,Beauty,0.0,-0.0,-0.0,69.12,hold_price
1727,Beauty,0.0,-0.0,-0.0,63.01,hold_price
1728,Beauty,0.0,-0.0,-0.0,55.18,hold_price
1729,Beauty,0.0,-0.0,-0.0,63.64,hold_price
1730,Beauty,0.0,-0.0,-0.0,57.01,hold_price
1731,Beauty,0.0,-0.0,-0.0,53.07,hold_price
1732,Beauty,0.0,-0.0,-0.0,57.23,hold_price
1733,Beauty,0.0,-0.0,-0.0,53.5,hold_price
1734,Beauty,0.0,-0.0,-0.0,57.81,hold_price
1735,Beauty,0.0,-0.0,-0.0,53.49,hold_price
1736,Beauty,0.0,-0.0,-0.0,62.89,hold_price
1737,Beauty,0.0,-0.0,-0.0,63.31,hold_price
1738,Beauty,0.0,-0.0,-0.0,60.0,hold_price
1739,Beauty,0.0,-0.0,-0.0,53.76,hold_price
1740,Beauty,0.0,-0.0,-0.0,61.12,hold_price
1741,Beauty,0.0,-0.0,-0.0,60.99,hold_price
1742,Beauty,0.0,-0.0,-0.0,69.81,hold_price
1743,Beauty,0.0,-0.0,-0.0,53.13,hold_price
1744,Beauty,0.0,-0.0,-0.0,60.02,hold_price
1745,Beauty,0.0,-0.0,-0.0,62.76,hold_price
1746,Beauty,0.0,-0.0,-0.0,59.06,hold_price
1747,Beauty,0.0,-0.0,-0.0,65.5,hold_price
1748,Beauty,0.0,-0.0,-0.0,53.9,hold_price
1749,Beauty,0.0,-0.0,-0.0,51.24,hold_price
1750,Beauty,0.0,-0.0,-0.0,52.82,hold_price
1751,Beauty,0.0,-0.0,-0.0,56.05,hold_price
1752,Beauty,0.0,-0.0,-0.0,56.39,hold_price
1753,Beauty,0.0,-0.0,-0.0,57.01,hold_price
1754,Beauty,0.0,-0.0,-0.0,50.44,hold_price
1755,Beauty,0.0,-0.0,-0.0,61.29,hold_price
1756,Beauty,0.0,-0.0,-0.0,57.25,hold_price
1757,Beauty,0.0,-0.0,-0.0,59.68,hold_price
1758,Beauty,0.0,-0.0,-0.0,53.89,hold_price
1759,Beauty,0.0,-0.0,-0.0,51.69,hold_price
1760,Beauty,0.0,-0.0,-0.0,51.53,hold_price
1761,Beauty,0.0,-0.0,-0.0,58.18,hold_price
1762,Beauty,0.0,-0.0,-0.0,50.72,hold_price
1763,Beauty,0.0,-0.0,-0.0,54.87,hold_price
1764,Beauty,0.0,-0.0,-0.0,63.29,hold_price
1765,Beauty,0.0,-0.0,-0.0,62.71,hold_price
1766,Beauty,0.0,-0.0,-0.0,55.45,hold_price
1767,Beauty,0.0,-0.0,-0.0,69.99,hold_price
1768,Beauty,0.0,-0.0,-0.0,68.42,hold_price
1769,Beauty,0.0,-0.0,-0.0,68.9,hold_price
1770,Beauty,0.0,-0.0,-0.0,54.8,hold_price
1771,Beauty,0.0,-0.0,-0.0,66.02,hold_price
1772,Beauty,0.0,-0.0,-0.0,62.31,hold_price
1773,Beauty,0.0,-0.0,-0.0,64.85,hold_price
1774,Beauty,0.0,-0.0,-0.0,62.01,hold_price
1775,Beauty,0.0,-0.0,-0.0,54.88,hold_price
1776,Beauty,0.0,-0.0,-0.0,66.66,hold_price
1777,Beauty,0.0,-0.0,-0.0,63.87,hold_price
1778,Beauty,0.0,-0.0,-0.0,59.96,hold_price
1779,Beauty,0.0,-0.0,-0.0,60.98,hold_price
1780,Beauty,0.0,-0.0,-0.0,51.19,hold_price
1781,Beauty,0.0,-0.0,-0.0,64.96,hold_price
1782,Beauty,0.0,-0.0,-0.0,57.92,hold_price
1783,Beauty,0.0,-0.0,-0.0,65.49,hold_price
1784,Beauty,0.0,-0.0,-0.0,52.75,hold_price
1785,Beauty,0.0,-0.0,-0.0,68.97,hold_price
1786,Beauty,0.0,-0.0,-0.0,64.69,hold_price
1787,Beauty,0.0,-0.0,-0.0,65.49,hold_price
1788,Beauty,0.0,-0.0,-0.0,52.29,hold_price
1789,Beauty,0.0,-0.0,-0.0,55.37,hold_price
1790,Beauty,0.0,-0.0,-0.0,61.9,hold_price
1791,Beauty,0.0,-0.0,-0.0,59.69,hold_price
1792,Beauty,0.0,-0.0,-0.0,69.94,hold_price
1793,Beauty,0.0,-0.0,-0.0,54.61,hold_price
1794,Beauty,0.0,-0.0,-0.0,63.82,hold_price
1795,Beauty,0.0,-0.0,-0.0,66.23,hold_price
1796,Beauty,0.0,-0.0,-0.0,51.41,hold_price
1797,Beauty,0.0,-0.0,-0.0,63.16,hold_price
1798,Beauty,0.0,-0.0,-0.0,69.38,hold_price
1799,Beauty,0.0,-0.0,-0.0,52.33,hold_price
1800,Beauty,0.0,-0.0,-0.0,62.6,hold_price
1801,Beauty,0.0,-0.0,-0.0,69.4,hold_price
1802,Beauty,0.0,-0.0,-0.0,58.49,hold_price
1803,Beauty,0.0,-0.0,-0.0,55.98,hold_price
1804,Beauty,0.0,-0.0,-0.0,52.61,hold_price
1805,Beauty,0.0,-0.0,-0.0,54.03,hold_price
1806,Beauty,0.0,-0.0,-0.0,50.72,hold_price
1807,Beauty,0.0,-0.0,-0.0,68.3,hold_price
1808,Beauty,0.0,-0.0,-0.0,54.13,hold_price
1809,Beauty,0.0,-0.0,-0.0,51.76,hold_price
1810,Beauty,0.0,-0.0,-0.0,54.18,hold_price
1811,Beauty,0.0,-0.0,-0.0,62.54,hold_price
1812,Beauty,0.0,-0.0,-0.0,63.52,hold_price
1813,Beauty,0.0,-0.0,-0.0,64.71,hold_price
1814,Beauty,0.0,-0.0,-0.0,68.03,hold_price
1815,Beauty,0.0,-0.0,-0.0,55.01,hold_price
1816,Beauty,0.0,-0.0,-0.0,64.32,hold_price
1817,Beauty,0.0,-0.0,-0.0,61.18,hold_price
1818,Beauty,0.0,-0.0,-0.0,69.58,hold_price
1819,Beauty,0.0,-0.0,-0.0,52.88,hold_price
1820,Beauty,0.0,-0.0,-0.0,60.43,hold_price
1821,Beauty,0.0,-0.0,-0.0,65.22,hold_price
1822,Beauty,0.0,-0.0,-0.0,65.1,hold_price
1823,Beauty,0.0,-0.0,-0.0,56.47,hold_price
1824,Beauty,0.0,-0.0,-0.0,53.09,hold_price
1825,Beauty,0.0,-0.0,-0.0,63.14,hold_price
1826,Beauty,0.0,-0.0,-0.0,50.11,hold_price
1827,Beauty,0.0,-0.0,-0.0,64.11,hold_price
1828,Beauty,0.0,-0.0,-0.0,61.37,hold_price
1829,Beauty,0.0,-0.0,-0.0,64.79,hold_price
1830,Beauty,0.0,-0.0,-0.0,58.21,hold_price
1831,Beauty,0.0,-0.0,-0.0,53.8,hold_price
1832,Beauty,0.0,-0.0,-0.0,56.04,hold_price
1833,Beauty,0.0,-0.0,-0.0,55.45,hold_price
1834,Beauty,0.0,-0.0,-0.0,68.04,hold_price
1835,Beauty,0.0,-0.0,-0.0,57.32,hold_price
1836,Beauty,0.0,-0.0,-0.0,52.33,hold_price
1837,Beauty,0.0,-0.0,-0.0,68.73,hold_price
1838,Beauty,0.0,-0.0,-0.0,54.96,hold_price
1839,Beauty,0.0,-0.0,-0.0,54.0,hold_price
1840,Beauty,0.0,-0.0,-0.0,56.12,hold_price
1841,Beauty,0.0,-0.0,-0.0,66.37,hold_price
1842,Beauty,0.0,-0.0,-0.0,63.86,hold_price
1843,Beauty,0.0,-0.0,-0.0,58.24,hold_price
1844,Beauty,0.0,-0.0,-0.0,68.95,hold_price
1845,Beauty,0.0,-0.0,-0.0,58.97,hold_price
1846,Beauty,0.0,-0.0,-0.0,67.89,hold_price
1847,Beauty,0.0,-0.0,-0.0,67.92,hold_price
1848,Beauty,0.0,-0.0,-0.0,53.96,hold_price
1849,Beauty,0.0,-0.0,-0.0,58.58,hold_price
1850,Beauty,0.0,-0.0,-0.0,53.0,hold_price
1851,Beauty,0.0,-0.0,-0.0,61.44,hold_price
1852,Beauty,0.0,-0.0,-0.0,64.92,hold_price
1853,Beauty,0.0,-0.0,-0.0,64.89,hold_price
1854,Beauty,0.0,-0.0,-0.0,56.93,hold_price
1855,Beauty,0.0,-0.0,-0.0,66.6,hold_price
1856,Beauty,0.0,-0.0,-0.0,61.11,hold_price
1857,Beauty,0.0,-0.0,-0.0,50.35,hold_price
1858,Beauty,0.0,-0.0,-0.0,58.01,hold_price
1859,Beauty,0.0,-0.0,-0.0,54.16,hold_price
1860,Beauty,0.0,-0.0,-0.0,58.3,hold_price
1861,Beauty,0.0,-0.0,-0.0,63.24,hold_price
1862,Beauty,0.0,-0.0,-0.0,56.09,hold_price
1863,Beauty,0.0,-0.0,-0.0,59.19,hold_price
1864,Beauty,0.0,-0.0,-0.0,60.9,hold_price
1865,Beauty,0.0,-0.0,-0.0,51.97,hold_price
1866,Beauty,0.0,-0.0,-0.0,67.14,hold_price
1867,Beauty,0.0,-0.0,-0.0,54.88,hold_price
1868,Beauty,0.0,-0.0,-0.0,67.77,hold_price
1869,Beauty,0.0,-0.0,-0.0,51.79,hold_price
1870,Beauty,0.0,-0.0,-0.0,66.14,hold_price
1871,Beauty,0.0,-0.0,-0.0,68.67,hold_price
1872,Beauty,0.0,-0.0,-0.0,68.88,hold_price
1873,Beauty,0.0,-0.0,-0.0,68.78,hold_price
1874,Beauty,0.0,-0.0,-0.0,61.38,hold_price
1875,Beauty,0.0,-0.0,-0.0,67.64,hold_price
1876,Beauty,0.0,-0.0,-0.0,69.99,hold_price
1877,Beauty,0.0,-0.0,-0.0,60.34,hold_price
1878,Beauty,0.0,-0.0,-0.0,53.55,hold_price
1879,Beauty,0.0,-0.0,-0.0,55.62,hold_price
1880,Beauty,0.0,-0.0,-0.0,55.72,hold_price
1881,Beauty,0.0,-0.0,-0.0,60.41,hold_price
1882,Beauty,0.0,-0.0,-0.0,60.22,hold_price
1883,Beauty,0.0,-0.0,-0.0,55.74,hold_price
1884,Beauty,0.0,-0.0,-0.0,69.79,hold_price
1885,Beauty,0.0,-0.0,-0.0,61.06,hold_price
1886,Beauty,0.0,-0.0,-0.0,67.5,hold_price
1887,Beauty,0.0,-0.0,-0.0,67.01,hold_price
1888,Beauty,0.0,-0.0,-0.0,52.51,hold_price
1889,Beauty,0.0,-0.0,-0.0,55.19,hold_price
1890,Beauty,0.0,-0.0,-0.0,60.56,hold_price
1891,Beauty,0.0,-0.0,-0.0,57.31,hold_price
1892,Beauty,0.0,-0.0,-0.0,66.36,hold_price
1893,Beauty,0.0,-0.0,-0.0,61.3,hold_price
1894,Beauty,0.0,-0.0,-0.0,51.06,hold_price
1895,Beauty,0.0,-0.0,-0.0,60.17,hold_price
1896,Beauty,0.0,-0.0,-0.0,68.71,hold_price
1897,Beauty,0.0,-0.0,-0.0,66.01,hold_price
1898,Beauty,0.0,-0.0,-0.0,64.95,hold_price
1899,Beauty,0.0,-0.0,-0.0,60.39,hold_price
1900,Beauty,0.0,-0.0,-0.0,68.63,hold_price
1901,Beauty,0.0,-0.0,-0.0,68.7,hold_price
1902,Beauty,0.0,-0.0,-0.0,52.12,hold_price
1903,Beauty,0.0,-0.0,-0.0,61.72,hold_price
1904,Beauty,0.0,-0.0,-0.0,64.91,hold_price
1905,Beauty,0.0,-0.0,-0.0,56.19,hold_price
1906,Beauty,0.0,-0.0,-0.0,67.11,hold_price
1907,Beauty,0.0,-0.0,-0.0,50.38,hold_price
1908,Beauty,0.0,-0.0,-0.0,69.84,hold_price
1909,Beauty,0.0,-0.0,-0.0,67.46,hold_price
1910,Beauty,0.0,-0.0,-0.0,56.07,hold_price
1911,Beauty,0.0,-0.0,-0.0,61.57,hold_price
1912,Beauty,0.0,-0.0,-0.0,51.66,hold_price
1913,Beauty,0.0,-0.0,-0.0,58.7,hold_price
1914,Beauty,0.0,-0.0,-0.0,65.33,hold_price
1915,Beauty,0.0,-0.0,-0.0,59.3,hold_price
1916,Beauty,0.0,-0.0,-0.0,52.13,hold_price
1917,Beauty,0.0,-0.0,-0.0,59.21,hold_price
1918,Beauty,0.0,-0.0,-0.0,57.67,hold_price
1919,Beauty,0.0,-0.0,-0.0,66.13,hold_price
1920,Beauty,0.0,-0.0,-0.0,58.43,hold_price
1921,Beauty,0.0,-0.0,-0.0,62.58,hold_price
1922,Beauty,0.0,-0.0,-0.0,57.12,hold_price
1923,Beauty,0.0,-0.0,-0.0,57.54,hold_price
1924,Beauty,0.0,-0.0,-0.0,54.01,hold_price
1925,Beauty,0.0,-0.0,-0.0,53.45,hold_price
1926,Beauty,0.0,-0.0,-0.0,51.97,hold_price
1927,Beauty,0.0,-0.0,-0.0,61.31,hold_price
1928,Beauty,0.0,-0.0,-0.0,58.01,hold_price
1929,Beauty,0.0,-0.0,-0.0,62.76,hold_price
1930,Beauty,0.0,-0.0,-0.0,53.17,hold_price
1931,Beauty,0.0,-0.0,-0.0,56.34,hold_price
1932,Beauty,0.0,-0.0,-0.0,56.2,hold_price
1933,Beauty,0.0,-0.0,-0.0,63.46,hold_price
1934,Beauty,0.0,-0.0,-0.0,52.73,hold_price
1935,Beauty,0.0,-0.0,-0.0,65.81,hold_price
1936,Beauty,0.0,-0.0,-0.0,50.14,hold_price
1937,Beauty,0.0,-0.0,-0.0,60.82,hold_price
1938,Beauty,0.0,-0.0,-0.0,69.11,hold_price
1939,Beauty,0.0,-0.0,-0.0,68.66,hold_price
1940,Beauty,0.0,-0.0,-0.0,66.84,hold_price
1941,Beauty,0.0,-0.0,-0.0,59.42,hold_price
1942,Beauty,0.0,-0.0,-0.0,51.22,hold_price
1943,Beauty,0.0,-0.0,-0.0,64.97,hold_price
1944,Beauty,0.0,-0.0,-0.0,50.77,hold_price
1945,Beauty,0.0,-0.0,-0.0,57.06,hold_price
1946,Beauty,0.0,-0.0,-0.0,67.55,hold_price
1947,Beauty,0.0,-0.0,-0.0,57.38,hold_price
1948,Beauty,0.0,-0.0,-0.0,56.98,hold_price
1949,Beauty,0.0,-0.0,-0.0,63.35,hold_price
1950,Beauty,0.0,-0.0,-0.0,62.44,hold_price
1951,Beauty,0.0,-0.0,-0.0,66.62,hold_price
1952,Beauty,0.0,-0.0,-0.0,56.91,hold_price
1953,Beauty,0.0,-0.0,-0.0,54.97,hold_price
1954,Beauty,0.0,-0.0,-0.0,62.12,hold_price
1955,Beauty,0.0,-0.0,-0.0,68.01,hold_price
1956,Beauty,0.0,-0.0,-0.0,54.57,hold_price
1957,Beauty,0.0,-0.0,-0.0,67.18,hold_price
1958,Beauty,0.0,-0.0,-0.0,64.63,hold_price
1959,Beauty,0.0,-0.0,-0.0,50.28,hold_price
1960,Beauty,0.0,-0.0,-0.0,62.73,hold_price
1961,Beauty,0.0,-0.0,-0.0,68.34,hold_price
1962,Beauty,0.0,-0.0,-0.0,55.32,hold_price
1963,Beauty,0.0,-0.0,-0.0,50.36,hold_price
1964,Beauty,0.0,-0.0,-0.0,65.7,hold_price
1965,Beauty,0.0,-0.0,-0.0,67.56,hold_price
1966,Beauty,0.0,-0.0,-0.0,59.67,hold_price
1967,Beauty,0.0,-0.0,-0.0,61.13,hold_price
1968,Beauty,0.0,-0.0,-0.0,50.3,hold_price
1969,Beauty,0.0,-0.0,-0.0,62.03,hold_price
1970,Beauty,0.0,-0.0,-0.0,68.5,hold_price
1971,Beauty,0.0,-0.0,-0.0,69.47,hold_price
1972,Beauty,0.0,-0.0,-0.0,51.17,hold_price
1973,Beauty,0.0,-0.0,-0.0,50.18,hold_price
1974,Beauty,0.0,-0.0,-0.0,62.97,hold_price
1975,Beauty,0.0,-0.0,-0.0,56.2,hold_price
1976,Beauty,0.0,-0.0,-0.0,68.43,hold_price
1977,Beauty,0.0,-0.0,-0.0,57.14,hold_price
1978,Beauty,0.0,-0.0,-0.0,54.69,hold_price
1979,Beauty,0.0,-0.0,-0.0,69.18,hold_price
1980,Beauty,0.0,-0.0,-0.0,59.73,hold_price
1981,Beauty,0.0,-0.0,-0.0,69.39,hold_price
1982,Beauty,0.0,-0.0,-0.0,58.16,hold_price
1983,Beauty,0.0,-0.0,-0.0,56.22,hold_price
1984,Beauty,0.0,-0.0,-0.0,52.27,hold_price
1985,Beauty,0.0,-0.0,-0.0,65.69,hold_price
1986,Beauty,0.0,-0.0,-0.0,65.33,hold_price
1987,Beauty,0.0,-0.0,-0.0,68.9,hold_price
1988,Beauty,0.0,-0.0,-0.0,60.55,hold_price
1989,Beauty,0.0,-0.0,-0.0,62.53,hold_price
1990,Beauty,0.0,-0.0,-0.0,63.12,hold_price
1991,Beauty,0.0,-0.0,-0.0,62.48,hold_price
1992,Beauty,0.0,-0.0,-0.0,65.4,hold_price
1993,Beauty,0.0,-0.0,-0.0,67.8,hold_price
1994,Beauty,0.0,-0.0,-0.0,64.61,hold_price
1995,Beauty,0.0,-0.0,-0.0,51.4,hold_price
1996,Beauty,0.0,-0.0,-0.0,58.77,hold_price
1997,Beauty,0.0,-0.0,-0.0,59.16,hold_price
1998,Beauty,0.0,-0.0,-0.0,59.66,hold_price
1999,Beauty,0.0,-0.0,-0.0,65.0,hold_price
2000,Beauty,0.0,-0.0,-0.0,63.05,hold_price
